corruption,axis,alpha,top1,drop_from_clean
brightness,feature_center_shift,0.0,89.24999833106995,0.0
brightness,feature_shape_distortion,0.0,89.24999833106995,0.0
brightness,feature_combined,0.0,89.24999833106995,0.0
brightness,cbc_feature_center_shift,0.0,89.24999833106995,0.0
brightness,cbc_feature_shape_distortion,0.0,89.24999833106995,0.0
brightness,cbc_feature_combined,0.0,89.24999833106995,0.0
brightness,logit_bias,0.0,89.24999833106995,0.0
brightness,logit_residual,0.0,89.24999833106995,0.0
brightness,logit_combined,0.0,89.24999833106995,0.0
brightness,cbc_logit_bias,0.0,89.24999833106995,0.0
brightness,cbc_logit_residual,0.0,89.24999833106995,0.0
brightness,cbc_logit_combined,0.0,89.24999833106995,0.0
brightness,feature_center_shift,0.1,89.27000164985657,-0.020003318786621094
brightness,feature_shape_distortion,0.1,89.24999833106995,0.0
brightness,feature_combined,0.1,89.31999802589417,-0.06999969482421875
brightness,cbc_feature_center_shift,0.1,88.73000144958496,0.5199968814849854
brightness,cbc_feature_shape_distortion,0.1,89.74999785423279,-0.4999995231628418
brightness,cbc_feature_combined,0.1,89.31999802589417,-0.06999969482421875
brightness,logit_bias,0.1,89.27000164985657,-0.020003318786621094
brightness,logit_residual,0.1,89.24999833106995,0.0
brightness,logit_combined,0.1,89.31999802589417,-0.06999969482421875
brightness,cbc_logit_bias,0.1,88.73000144958496,0.5199968814849854
brightness,cbc_logit_residual,0.1,89.74999785423279,-0.4999995231628418
brightness,cbc_logit_combined,0.1,89.31999802589417,-0.06999969482421875
brightness,feature_center_shift,0.2,89.2799973487854,-0.0299990177154541
brightness,feature_shape_distortion,0.2,89.31000232696533,-0.06000399589538574
brightness,feature_combined,0.2,89.3999993801117,-0.15000104904174805
brightness,cbc_feature_center_shift,0.2,88.09999823570251,1.1500000953674316
brightness,cbc_feature_shape_distortion,0.2,90.2999997138977,-1.0500013828277588
brightness,cbc_feature_combined,0.2,89.3999993801117,-0.15000104904174805
brightness,logit_bias,0.2,89.2799973487854,-0.0299990177154541
brightness,logit_residual,0.2,89.31000232696533,-0.06000399589538574
brightness,logit_combined,0.2,89.3999993801117,-0.15000104904174805
brightness,cbc_logit_bias,0.2,88.09999823570251,1.1500000953674316
brightness,cbc_logit_residual,0.2,90.2999997138977,-1.0500013828277588
brightness,cbc_logit_combined,0.2,89.3999993801117,-0.15000104904174805
brightness,feature_center_shift,0.3,89.2799973487854,-0.0299990177154541
brightness,feature_shape_distortion,0.3,89.28999900817871,-0.04000067710876465
brightness,feature_combined,0.3,89.38999772071838,-0.1399993896484375
brightness,cbc_feature_center_shift,0.3,87.26999759674072,1.9800007343292236
brightness,cbc_feature_shape_distortion,0.3,90.89999794960022,-1.6499996185302734
brightness,cbc_feature_combined,0.3,89.38999772071838,-0.1399993896484375
brightness,logit_bias,0.3,89.2799973487854,-0.0299990177154541
brightness,logit_residual,0.3,89.28999900817871,-0.04000067710876465
brightness,logit_combined,0.3,89.38999772071838,-0.1399993896484375
brightness,cbc_logit_bias,0.3,87.26999759674072,1.9800007343292236
brightness,cbc_logit_residual,0.3,90.89999794960022,-1.6499996185302734
brightness,cbc_logit_combined,0.3,89.38999772071838,-0.1399993896484375
brightness,feature_center_shift,0.4,89.30000066757202,-0.050002336502075195
brightness,feature_shape_distortion,0.4,88.88999819755554,0.3600001335144043
brightness,feature_combined,0.4,89.16000127792358,0.0899970531463623
brightness,cbc_feature_center_shift,0.4,86.44999861717224,2.799999713897705
brightness,cbc_feature_shape_distortion,0.4,91.33999943733215,-2.090001106262207
brightness,cbc_feature_combined,0.4,89.16000127792358,0.0899970531463623
brightness,logit_bias,0.4,89.30000066757202,-0.050002336502075195
brightness,logit_residual,0.4,88.88999819755554,0.3600001335144043
brightness,logit_combined,0.4,89.16000127792358,0.0899970531463623
brightness,cbc_logit_bias,0.4,86.44999861717224,2.799999713897705
brightness,cbc_logit_residual,0.4,91.33999943733215,-2.090001106262207
brightness,cbc_logit_combined,0.4,89.16000127792358,0.0899970531463623
brightness,feature_center_shift,0.5,89.30000066757202,-0.050002336502075195
brightness,feature_shape_distortion,0.5,88.59000205993652,0.6599962711334229
brightness,feature_combined,0.5,88.7399971485138,0.5100011825561523
brightness,cbc_feature_center_shift,0.5,85.51999926567078,3.72999906539917
brightness,cbc_feature_shape_distortion,0.5,91.53000116348267,-2.2800028324127197
brightness,cbc_feature_combined,0.5,88.7399971485138,0.5100011825561523
brightness,logit_bias,0.5,89.30000066757202,-0.050002336502075195
brightness,logit_residual,0.5,88.59000205993652,0.6599962711334229
brightness,logit_combined,0.5,88.7399971485138,0.5100011825561523
brightness,cbc_logit_bias,0.5,85.51999926567078,3.72999906539917
brightness,cbc_logit_residual,0.5,91.53000116348267,-2.2800028324127197
brightness,cbc_logit_combined,0.5,88.7399971485138,0.5100011825561523
brightness,feature_center_shift,0.6,89.27000164985657,-0.020003318786621094
brightness,feature_shape_distortion,0.6,88.05000185966492,1.1999964714050293
brightness,feature_combined,0.6,88.15000057220459,1.0999977588653564
brightness,cbc_feature_center_shift,0.6,84.86999869346619,4.37999963760376
brightness,cbc_feature_shape_distortion,0.6,91.21999740600586,-1.969999074935913
brightness,cbc_feature_combined,0.6,88.15000057220459,1.0999977588653564
brightness,logit_bias,0.6,89.27000164985657,-0.020003318786621094
brightness,logit_residual,0.6,88.05000185966492,1.1999964714050293
brightness,logit_combined,0.6,88.15000057220459,1.0999977588653564
brightness,cbc_logit_bias,0.6,84.86999869346619,4.37999963760376
brightness,cbc_logit_residual,0.6,91.21999740600586,-1.969999074935913
brightness,cbc_logit_combined,0.6,88.15000057220459,1.0999977588653564
brightness,feature_center_shift,0.7,89.2799973487854,-0.0299990177154541
brightness,feature_shape_distortion,0.7,87.16999888420105,2.0799994468688965
brightness,feature_combined,0.7,87.29000091552734,1.9599974155426025
brightness,cbc_feature_center_shift,0.7,83.8699996471405,5.379998683929443
brightness,cbc_feature_shape_distortion,0.7,90.75000286102295,-1.500004529953003
brightness,cbc_feature_combined,0.7,87.29000091552734,1.9599974155426025
brightness,logit_bias,0.7,89.2799973487854,-0.0299990177154541
brightness,logit_residual,0.7,87.16999888420105,2.0799994468688965
brightness,logit_combined,0.7,87.29000091552734,1.9599974155426025
brightness,cbc_logit_bias,0.7,83.8699996471405,5.379998683929443
brightness,cbc_logit_residual,0.7,90.75000286102295,-1.500004529953003
brightness,cbc_logit_combined,0.7,87.29000091552734,1.9599974155426025
brightness,feature_center_shift,0.8,89.25999999046326,-0.010001659393310547
brightness,feature_shape_distortion,0.8,85.93000173568726,3.3199965953826904
brightness,feature_combined,0.8,86.00999712944031,3.2400012016296387
brightness,cbc_feature_center_shift,0.8,82.85999894142151,6.3899993896484375
brightness,cbc_feature_shape_distortion,0.8,89.64999914169312,-0.40000081062316895
brightness,cbc_feature_combined,0.8,86.00999712944031,3.2400012016296387
brightness,logit_bias,0.8,89.25999999046326,-0.010001659393310547
brightness,logit_residual,0.8,85.93000173568726,3.3199965953826904
brightness,logit_combined,0.8,86.00999712944031,3.2400012016296387
brightness,cbc_logit_bias,0.8,82.85999894142151,6.3899993896484375
brightness,cbc_logit_residual,0.8,89.64999914169312,-0.40000081062316895
brightness,cbc_logit_combined,0.8,86.00999712944031,3.2400012016296387
brightness,feature_center_shift,0.9,89.2799973487854,-0.0299990177154541
brightness,feature_shape_distortion,0.9,84.5300018787384,4.719996452331543
brightness,feature_combined,0.9,84.71999764442444,4.530000686645508
brightness,cbc_feature_center_shift,0.9,81.87000155448914,7.3799967765808105
brightness,cbc_feature_shape_distortion,0.9,88.23000192642212,1.0199964046478271
brightness,cbc_feature_combined,0.9,84.71999764442444,4.530000686645508
brightness,logit_bias,0.9,89.2799973487854,-0.0299990177154541
brightness,logit_residual,0.9,84.5300018787384,4.719996452331543
brightness,logit_combined,0.9,84.71999764442444,4.530000686645508
brightness,cbc_logit_bias,0.9,81.87000155448914,7.3799967765808105
brightness,cbc_logit_residual,0.9,88.23000192642212,1.0199964046478271
brightness,cbc_logit_combined,0.9,84.71999764442444,4.530000686645508
brightness,feature_center_shift,1.0,89.27000164985657,-0.020003318786621094
brightness,feature_shape_distortion,1.0,83.13999772071838,6.1100006103515625
brightness,feature_combined,1.0,83.41000080108643,5.8399975299835205
brightness,cbc_feature_center_shift,1.0,80.87999820709229,8.370000123977661
brightness,cbc_feature_shape_distortion,1.0,86.69999837875366,2.549999952316284
brightness,cbc_feature_combined,1.0,83.41000080108643,5.8399975299835205
brightness,logit_bias,1.0,89.27000164985657,-0.020003318786621094
brightness,logit_residual,1.0,83.13999772071838,6.1100006103515625
brightness,logit_combined,1.0,83.41000080108643,5.8399975299835205
brightness,cbc_logit_bias,1.0,80.87999820709229,8.370000123977661
brightness,cbc_logit_residual,1.0,86.69999837875366,2.549999952316284
brightness,cbc_logit_combined,1.0,83.41000080108643,5.8399975299835205
contrast,feature_center_shift,0.0,89.24999833106995,0.0
contrast,feature_shape_distortion,0.0,89.24999833106995,0.0
contrast,feature_combined,0.0,89.24999833106995,0.0
contrast,cbc_feature_center_shift,0.0,89.24999833106995,0.0
contrast,cbc_feature_shape_distortion,0.0,89.24999833106995,0.0
contrast,cbc_feature_combined,0.0,89.24999833106995,0.0
contrast,logit_bias,0.0,89.24999833106995,0.0
contrast,logit_residual,0.0,89.24999833106995,0.0
contrast,logit_combined,0.0,89.24999833106995,0.0
contrast,cbc_logit_bias,0.0,89.24999833106995,0.0
contrast,cbc_logit_residual,0.0,89.24999833106995,0.0
contrast,cbc_logit_combined,0.0,89.24999833106995,0.0
contrast,feature_center_shift,0.1,89.34999704360962,-0.09999871253967285
contrast,feature_shape_distortion,0.1,88.99000287055969,0.2599954605102539
contrast,feature_combined,0.1,89.19000029563904,0.0599980354309082
contrast,cbc_feature_center_shift,0.1,88.9299988746643,0.31999945640563965
contrast,cbc_feature_shape_distortion,0.1,89.60999846458435,-0.3600001335144043
contrast,cbc_feature_combined,0.1,89.19000029563904,0.0599980354309082
contrast,logit_bias,0.1,89.34999704360962,-0.09999871253967285
contrast,logit_residual,0.1,88.99000287055969,0.2599954605102539
contrast,logit_combined,0.1,89.19000029563904,0.0599980354309082
contrast,cbc_logit_bias,0.1,88.9299988746643,0.31999945640563965
contrast,cbc_logit_residual,0.1,89.60999846458435,-0.3600001335144043
contrast,cbc_logit_combined,0.1,89.19000029563904,0.0599980354309082
contrast,feature_center_shift,0.2,89.55000042915344,-0.3000020980834961
contrast,feature_shape_distortion,0.2,88.49999904632568,0.7499992847442627
contrast,feature_combined,0.2,89.06000256538391,0.18999576568603516
contrast,cbc_feature_center_shift,0.2,88.45999836921692,0.7899999618530273
contrast,cbc_feature_shape_distortion,0.2,89.96000289916992,-0.7100045680999756
contrast,cbc_feature_combined,0.2,89.06000256538391,0.18999576568603516
contrast,logit_bias,0.2,89.55000042915344,-0.3000020980834961
contrast,logit_residual,0.2,88.49999904632568,0.7499992847442627
contrast,logit_combined,0.2,89.06000256538391,0.18999576568603516
contrast,cbc_logit_bias,0.2,88.45999836921692,0.7899999618530273
contrast,cbc_logit_residual,0.2,89.96000289916992,-0.7100045680999756
contrast,cbc_logit_combined,0.2,89.06000256538391,0.18999576568603516
contrast,feature_center_shift,0.3,89.74000215530396,-0.4900038242340088
contrast,feature_shape_distortion,0.3,87.9800021648407,1.269996166229248
contrast,feature_combined,0.3,88.65000009536743,0.5999982357025146
contrast,cbc_feature_center_shift,0.3,87.94000148773193,1.3099968433380127
contrast,cbc_feature_shape_distortion,0.3,90.38000106811523,-1.130002737045288
contrast,cbc_feature_combined,0.3,88.65000009536743,0.5999982357025146
contrast,logit_bias,0.3,89.74000215530396,-0.4900038242340088
contrast,logit_residual,0.3,87.9800021648407,1.269996166229248
contrast,logit_combined,0.3,88.65000009536743,0.5999982357025146
contrast,cbc_logit_bias,0.3,87.94000148773193,1.3099968433380127
contrast,cbc_logit_residual,0.3,90.38000106811523,-1.130002737045288
contrast,cbc_logit_combined,0.3,88.65000009536743,0.5999982357025146
contrast,feature_center_shift,0.4,89.89999890327454,-0.6500005722045898
contrast,feature_shape_distortion,0.4,86.87000274658203,2.379995584487915
contrast,feature_combined,0.4,88.08000087738037,1.1699974536895752
contrast,cbc_feature_center_shift,0.4,87.45999932289124,1.789999008178711
contrast,cbc_feature_shape_distortion,0.4,90.45000076293945,-1.2000024318695068
contrast,cbc_feature_combined,0.4,88.08000087738037,1.1699974536895752
contrast,logit_bias,0.4,89.89999890327454,-0.6500005722045898
contrast,logit_residual,0.4,86.87000274658203,2.379995584487915
contrast,logit_combined,0.4,88.08000087738037,1.1699974536895752
contrast,cbc_logit_bias,0.4,87.45999932289124,1.789999008178711
contrast,cbc_logit_residual,0.4,90.45000076293945,-1.2000024318695068
contrast,cbc_logit_combined,0.4,88.08000087738037,1.1699974536895752
contrast,feature_center_shift,0.5,89.9399995803833,-0.6900012493133545
contrast,feature_shape_distortion,0.5,85.180002450943,4.069995880126953
contrast,feature_combined,0.5,86.90000176429749,2.349996566772461
contrast,cbc_feature_center_shift,0.5,86.89000010490417,2.3599982261657715
contrast,cbc_feature_shape_distortion,0.5,90.28000235557556,-1.0300040245056152
contrast,cbc_feature_combined,0.5,86.90000176429749,2.349996566772461
contrast,logit_bias,0.5,89.9399995803833,-0.6900012493133545
contrast,logit_residual,0.5,85.180002450943,4.069995880126953
contrast,logit_combined,0.5,86.90000176429749,2.349996566772461
contrast,cbc_logit_bias,0.5,86.89000010490417,2.3599982261657715
contrast,cbc_logit_residual,0.5,90.28000235557556,-1.0300040245056152
contrast,cbc_logit_combined,0.5,86.90000176429749,2.349996566772461
contrast,feature_center_shift,0.6,90.06999731063843,-0.8199989795684814
contrast,feature_shape_distortion,0.6,83.05000066757202,6.199997663497925
contrast,feature_combined,0.6,85.10000109672546,4.149997234344482
contrast,cbc_feature_center_shift,0.6,86.2600028514862,2.9899954795837402
contrast,cbc_feature_shape_distortion,0.6,89.56000208854675,-0.31000375747680664
contrast,cbc_feature_combined,0.6,85.10000109672546,4.149997234344482
contrast,logit_bias,0.6,90.06999731063843,-0.8199989795684814
contrast,logit_residual,0.6,83.05000066757202,6.199997663497925
contrast,logit_combined,0.6,85.10000109672546,4.149997234344482
contrast,cbc_logit_bias,0.6,86.2600028514862,2.9899954795837402
contrast,cbc_logit_residual,0.6,89.56000208854675,-0.31000375747680664
contrast,cbc_logit_combined,0.6,85.10000109672546,4.149997234344482
contrast,feature_center_shift,0.7,90.0600016117096,-0.8100032806396484
contrast,feature_shape_distortion,0.7,79.54999804496765,9.700000286102295
contrast,feature_combined,0.7,81.72000050544739,7.529997825622559
contrast,cbc_feature_center_shift,0.7,85.589998960495,3.659999370574951
contrast,cbc_feature_shape_distortion,0.7,88.22000026702881,1.0299980640411377
contrast,cbc_feature_combined,0.7,81.72000050544739,7.529997825622559
contrast,logit_bias,0.7,90.0600016117096,-0.8100032806396484
contrast,logit_residual,0.7,79.54999804496765,9.700000286102295
contrast,logit_combined,0.7,81.72000050544739,7.529997825622559
contrast,cbc_logit_bias,0.7,85.589998960495,3.659999370574951
contrast,cbc_logit_residual,0.7,88.22000026702881,1.0299980640411377
contrast,cbc_logit_combined,0.7,81.72000050544739,7.529997825622559
contrast,feature_center_shift,0.8,90.03000259399414,-0.7800042629241943
contrast,feature_shape_distortion,0.8,74.58999752998352,14.660000801086426
contrast,feature_combined,0.8,76.62000060081482,12.629997730255127
contrast,cbc_feature_center_shift,0.8,84.97999906539917,4.269999265670776
contrast,cbc_feature_shape_distortion,0.8,84.13000106811523,5.119997262954712
contrast,cbc_feature_combined,0.8,76.62000060081482,12.629997730255127
contrast,logit_bias,0.8,90.03000259399414,-0.7800042629241943
contrast,logit_residual,0.8,74.58999752998352,14.660000801086426
contrast,logit_combined,0.8,76.62000060081482,12.629997730255127
contrast,cbc_logit_bias,0.8,84.97999906539917,4.269999265670776
contrast,cbc_logit_residual,0.8,84.13000106811523,5.119997262954712
contrast,cbc_logit_combined,0.8,76.62000060081482,12.629997730255127
contrast,feature_center_shift,0.9,89.96999859809875,-0.7200002670288086
contrast,feature_shape_distortion,0.9,67.9099977016449,21.34000062942505
contrast,feature_combined,0.9,69.23999786376953,20.010000467300415
contrast,cbc_feature_center_shift,0.9,84.3500018119812,4.899996519088745
contrast,cbc_feature_shape_distortion,0.9,75.52000284194946,13.729995489120483
contrast,cbc_feature_combined,0.9,69.23999786376953,20.010000467300415
contrast,logit_bias,0.9,89.96999859809875,-0.7200002670288086
contrast,logit_residual,0.9,67.9099977016449,21.34000062942505
contrast,logit_combined,0.9,69.23999786376953,20.010000467300415
contrast,cbc_logit_bias,0.9,84.3500018119812,4.899996519088745
contrast,cbc_logit_residual,0.9,75.52000284194946,13.729995489120483
contrast,cbc_logit_combined,0.9,69.23999786376953,20.010000467300415
contrast,feature_center_shift,1.0,89.9399995803833,-0.6900012493133545
contrast,feature_shape_distortion,1.0,60.96000075340271,28.289997577667236
contrast,feature_combined,1.0,61.959999799728394,27.289998531341553
contrast,cbc_feature_center_shift,1.0,83.60000252723694,5.649995803833008
contrast,cbc_feature_shape_distortion,1.0,67.11999773979187,22.130000591278076
contrast,cbc_feature_combined,1.0,61.959999799728394,27.289998531341553
contrast,logit_bias,1.0,89.9399995803833,-0.6900012493133545
contrast,logit_residual,1.0,60.96000075340271,28.289997577667236
contrast,logit_combined,1.0,61.959999799728394,27.289998531341553
contrast,cbc_logit_bias,1.0,83.60000252723694,5.649995803833008
contrast,cbc_logit_residual,1.0,67.11999773979187,22.130000591278076
contrast,cbc_logit_combined,1.0,61.959999799728394,27.289998531341553
defocus_blur,feature_center_shift,0.0,89.24999833106995,0.0
defocus_blur,feature_shape_distortion,0.0,89.24999833106995,0.0
defocus_blur,feature_combined,0.0,89.24999833106995,0.0
defocus_blur,cbc_feature_center_shift,0.0,89.24999833106995,0.0
defocus_blur,cbc_feature_shape_distortion,0.0,89.24999833106995,0.0
defocus_blur,cbc_feature_combined,0.0,89.24999833106995,0.0
defocus_blur,logit_bias,0.0,89.24999833106995,0.0
defocus_blur,logit_residual,0.0,89.24999833106995,0.0
defocus_blur,logit_combined,0.0,89.24999833106995,0.0
defocus_blur,cbc_logit_bias,0.0,89.24999833106995,0.0
defocus_blur,cbc_logit_residual,0.0,89.24999833106995,0.0
defocus_blur,cbc_logit_combined,0.0,89.24999833106995,0.0
defocus_blur,feature_center_shift,0.1,89.27000164985657,-0.020003318786621094
defocus_blur,feature_shape_distortion,0.1,88.95999789237976,0.29000043869018555
defocus_blur,feature_combined,0.1,88.99000287055969,0.2599954605102539
defocus_blur,cbc_feature_center_shift,0.1,88.7399971485138,0.5100011825561523
defocus_blur,cbc_feature_shape_distortion,0.1,89.5799994468689,-0.3300011157989502
defocus_blur,cbc_feature_combined,0.1,88.99000287055969,0.2599954605102539
defocus_blur,logit_bias,0.1,89.27000164985657,-0.020003318786621094
defocus_blur,logit_residual,0.1,88.95999789237976,0.29000043869018555
defocus_blur,logit_combined,0.1,88.99000287055969,0.2599954605102539
defocus_blur,cbc_logit_bias,0.1,88.7399971485138,0.5100011825561523
defocus_blur,cbc_logit_residual,0.1,89.5799994468689,-0.3300011157989502
defocus_blur,cbc_logit_combined,0.1,88.99000287055969,0.2599954605102539
defocus_blur,feature_center_shift,0.2,89.25999999046326,-0.010001659393310547
defocus_blur,feature_shape_distortion,0.2,88.59000205993652,0.6599962711334229
defocus_blur,feature_combined,0.2,88.60999941825867,0.6399989128112793
defocus_blur,cbc_feature_center_shift,0.2,88.02000284194946,1.2299954891204834
defocus_blur,cbc_feature_shape_distortion,0.2,89.96999859809875,-0.7200002670288086
defocus_blur,cbc_feature_combined,0.2,88.60999941825867,0.6399989128112793
defocus_blur,logit_bias,0.2,89.25999999046326,-0.010001659393310547
defocus_blur,logit_residual,0.2,88.59000205993652,0.6599962711334229
defocus_blur,logit_combined,0.2,88.60999941825867,0.6399989128112793
defocus_blur,cbc_logit_bias,0.2,88.02000284194946,1.2299954891204834
defocus_blur,cbc_logit_residual,0.2,89.96999859809875,-0.7200002670288086
defocus_blur,cbc_logit_combined,0.2,88.60999941825867,0.6399989128112793
defocus_blur,feature_center_shift,0.3,89.2799973487854,-0.0299990177154541
defocus_blur,feature_shape_distortion,0.3,88.06999921798706,1.1799991130828857
defocus_blur,feature_combined,0.3,88.06999921798706,1.1799991130828857
defocus_blur,cbc_feature_center_shift,0.3,87.26000189781189,1.9899964332580566
defocus_blur,cbc_feature_shape_distortion,0.3,90.14999866485596,-0.9000003337860107
defocus_blur,cbc_feature_combined,0.3,88.06999921798706,1.1799991130828857
defocus_blur,logit_bias,0.3,89.2799973487854,-0.0299990177154541
defocus_blur,logit_residual,0.3,88.06999921798706,1.1799991130828857
defocus_blur,logit_combined,0.3,88.06999921798706,1.1799991130828857
defocus_blur,cbc_logit_bias,0.3,87.26000189781189,1.9899964332580566
defocus_blur,cbc_logit_residual,0.3,90.14999866485596,-0.9000003337860107
defocus_blur,cbc_logit_combined,0.3,88.06999921798706,1.1799991130828857
defocus_blur,feature_center_shift,0.4,89.31999802589417,-0.06999969482421875
defocus_blur,feature_shape_distortion,0.4,87.3199999332428,1.9299983978271484
defocus_blur,feature_combined,0.4,87.33999729156494,1.9100010395050049
defocus_blur,cbc_feature_center_shift,0.4,86.2999975681305,2.950000762939453
defocus_blur,cbc_feature_shape_distortion,0.4,90.0600016117096,-0.8100032806396484
defocus_blur,cbc_feature_combined,0.4,87.33999729156494,1.9100010395050049
defocus_blur,logit_bias,0.4,89.31999802589417,-0.06999969482421875
defocus_blur,logit_residual,0.4,87.3199999332428,1.9299983978271484
defocus_blur,logit_combined,0.4,87.33999729156494,1.9100010395050049
defocus_blur,cbc_logit_bias,0.4,86.2999975681305,2.950000762939453
defocus_blur,cbc_logit_residual,0.4,90.0600016117096,-0.8100032806396484
defocus_blur,cbc_logit_combined,0.4,87.33999729156494,1.9100010395050049
defocus_blur,feature_center_shift,0.5,89.27000164985657,-0.020003318786621094
defocus_blur,feature_shape_distortion,0.5,86.08999848365784,3.1599998474121094
defocus_blur,feature_combined,0.5,86.0700011253357,3.179997205734253
defocus_blur,cbc_feature_center_shift,0.5,85.54999828338623,3.700000047683716
defocus_blur,cbc_feature_shape_distortion,0.5,89.60999846458435,-0.3600001335144043
defocus_blur,cbc_feature_combined,0.5,86.0700011253357,3.179997205734253
defocus_blur,logit_bias,0.5,89.27000164985657,-0.020003318786621094
defocus_blur,logit_residual,0.5,86.08999848365784,3.1599998474121094
defocus_blur,logit_combined,0.5,86.0700011253357,3.179997205734253
defocus_blur,cbc_logit_bias,0.5,85.54999828338623,3.700000047683716
defocus_blur,cbc_logit_residual,0.5,89.60999846458435,-0.3600001335144043
defocus_blur,cbc_logit_combined,0.5,86.0700011253357,3.179997205734253
defocus_blur,feature_center_shift,0.6,89.2799973487854,-0.0299990177154541
defocus_blur,feature_shape_distortion,0.6,84.32000279426575,4.929995536804199
defocus_blur,feature_combined,0.6,84.25999879837036,4.989999532699585
defocus_blur,cbc_feature_center_shift,0.6,84.60000157356262,4.649996757507324
defocus_blur,cbc_feature_shape_distortion,0.6,88.65000009536743,0.5999982357025146
defocus_blur,cbc_feature_combined,0.6,84.25999879837036,4.989999532699585
defocus_blur,logit_bias,0.6,89.2799973487854,-0.0299990177154541
defocus_blur,logit_residual,0.6,84.32000279426575,4.929995536804199
defocus_blur,logit_combined,0.6,84.25999879837036,4.989999532699585
defocus_blur,cbc_logit_bias,0.6,84.60000157356262,4.649996757507324
defocus_blur,cbc_logit_residual,0.6,88.65000009536743,0.5999982357025146
defocus_blur,cbc_logit_combined,0.6,84.25999879837036,4.989999532699585
defocus_blur,feature_center_shift,0.7,89.27000164985657,-0.020003318786621094
defocus_blur,feature_shape_distortion,0.7,81.3700020313263,7.879996299743652
defocus_blur,feature_combined,0.7,81.55999779701233,7.690000534057617
defocus_blur,cbc_feature_center_shift,0.7,83.6899995803833,5.5599987506866455
defocus_blur,cbc_feature_shape_distortion,0.7,86.9700014591217,2.279996871948242
defocus_blur,cbc_feature_combined,0.7,81.55999779701233,7.690000534057617
defocus_blur,logit_bias,0.7,89.27000164985657,-0.020003318786621094
defocus_blur,logit_residual,0.7,81.3700020313263,7.879996299743652
defocus_blur,logit_combined,0.7,81.55999779701233,7.690000534057617
defocus_blur,cbc_logit_bias,0.7,83.6899995803833,5.5599987506866455
defocus_blur,cbc_logit_residual,0.7,86.9700014591217,2.279996871948242
defocus_blur,cbc_logit_combined,0.7,81.55999779701233,7.690000534057617
defocus_blur,feature_center_shift,0.8,89.2799973487854,-0.0299990177154541
defocus_blur,feature_shape_distortion,0.8,77.99000144004822,11.259996891021729
defocus_blur,feature_combined,0.8,78.32000255584717,10.929995775222778
defocus_blur,cbc_feature_center_shift,0.8,82.56000280380249,6.689995527267456
defocus_blur,cbc_feature_shape_distortion,0.8,84.10000205039978,5.149996280670166
defocus_blur,cbc_feature_combined,0.8,78.32000255584717,10.929995775222778
defocus_blur,logit_bias,0.8,89.2799973487854,-0.0299990177154541
defocus_blur,logit_residual,0.8,77.99000144004822,11.259996891021729
defocus_blur,logit_combined,0.8,78.32000255584717,10.929995775222778
defocus_blur,cbc_logit_bias,0.8,82.56000280380249,6.689995527267456
defocus_blur,cbc_logit_residual,0.8,84.10000205039978,5.149996280670166
defocus_blur,cbc_logit_combined,0.8,78.32000255584717,10.929995775222778
defocus_blur,feature_center_shift,0.9,89.24999833106995,0.0
defocus_blur,feature_shape_distortion,0.9,74.11999702453613,15.130001306533813
defocus_blur,feature_combined,0.9,74.37000274658203,14.879995584487915
defocus_blur,cbc_feature_center_shift,0.9,81.55999779701233,7.690000534057617
defocus_blur,cbc_feature_shape_distortion,0.9,79.830002784729,9.419995546340942
defocus_blur,cbc_feature_combined,0.9,74.37000274658203,14.879995584487915
defocus_blur,logit_bias,0.9,89.24999833106995,0.0
defocus_blur,logit_residual,0.9,74.11999702453613,15.130001306533813
defocus_blur,logit_combined,0.9,74.37999844551086,14.869999885559082
defocus_blur,cbc_logit_bias,0.9,81.55999779701233,7.690000534057617
defocus_blur,cbc_logit_residual,0.9,79.830002784729,9.419995546340942
defocus_blur,cbc_logit_combined,0.9,74.37999844551086,14.869999885559082
defocus_blur,feature_center_shift,1.0,89.21999931335449,0.0299990177154541
defocus_blur,feature_shape_distortion,1.0,70.01000046730042,19.23999786376953
defocus_blur,feature_combined,1.0,70.02000212669373,19.22999620437622
defocus_blur,cbc_feature_center_shift,1.0,80.47999739646912,8.77000093460083
defocus_blur,cbc_feature_shape_distortion,1.0,74.91000294685364,14.339995384216309
defocus_blur,cbc_feature_combined,1.0,70.02000212669373,19.22999620437622
defocus_blur,logit_bias,1.0,89.21999931335449,0.0299990177154541
defocus_blur,logit_residual,1.0,70.01000046730042,19.23999786376953
defocus_blur,logit_combined,1.0,70.02000212669373,19.22999620437622
defocus_blur,cbc_logit_bias,1.0,80.47999739646912,8.77000093460083
defocus_blur,cbc_logit_residual,1.0,74.91000294685364,14.339995384216309
defocus_blur,cbc_logit_combined,1.0,70.02000212669373,19.22999620437622
elastic_transform,feature_center_shift,0.0,89.24999833106995,0.0
elastic_transform,feature_shape_distortion,0.0,89.24999833106995,0.0
elastic_transform,feature_combined,0.0,89.24999833106995,0.0
elastic_transform,cbc_feature_center_shift,0.0,89.24999833106995,0.0
elastic_transform,cbc_feature_shape_distortion,0.0,89.24999833106995,0.0
elastic_transform,cbc_feature_combined,0.0,89.24999833106995,0.0
elastic_transform,logit_bias,0.0,89.24999833106995,0.0
elastic_transform,logit_residual,0.0,89.24999833106995,0.0
elastic_transform,logit_combined,0.0,89.24999833106995,0.0
elastic_transform,cbc_logit_bias,0.0,89.24999833106995,0.0
elastic_transform,cbc_logit_residual,0.0,89.24999833106995,0.0
elastic_transform,cbc_logit_combined,0.0,89.24999833106995,0.0
elastic_transform,feature_center_shift,0.1,89.31999802589417,-0.06999969482421875
elastic_transform,feature_shape_distortion,0.1,88.67999911308289,0.5699992179870605
elastic_transform,feature_combined,0.1,88.88000249862671,0.3699958324432373
elastic_transform,cbc_feature_center_shift,0.1,88.77999782562256,0.4700005054473877
elastic_transform,cbc_feature_shape_distortion,0.1,89.34999704360962,-0.09999871253967285
elastic_transform,cbc_feature_combined,0.1,88.88000249862671,0.3699958324432373
elastic_transform,logit_bias,0.1,89.31999802589417,-0.06999969482421875
elastic_transform,logit_residual,0.1,88.67999911308289,0.5699992179870605
elastic_transform,logit_combined,0.1,88.88000249862671,0.3699958324432373
elastic_transform,cbc_logit_bias,0.1,88.77999782562256,0.4700005054473877
elastic_transform,cbc_logit_residual,0.1,89.34999704360962,-0.09999871253967285
elastic_transform,cbc_logit_combined,0.1,88.88000249862671,0.3699958324432373
elastic_transform,feature_center_shift,0.2,89.31999802589417,-0.06999969482421875
elastic_transform,feature_shape_distortion,0.2,88.0400002002716,1.2099981307983398
elastic_transform,feature_combined,0.2,88.2099986076355,1.0399997234344482
elastic_transform,cbc_feature_center_shift,0.2,88.24999928474426,0.9999990463256836
elastic_transform,cbc_feature_shape_distortion,0.2,89.5900011062622,-0.34000277519226074
elastic_transform,cbc_feature_combined,0.2,88.2099986076355,1.0399997234344482
elastic_transform,logit_bias,0.2,89.31999802589417,-0.06999969482421875
elastic_transform,logit_residual,0.2,88.0400002002716,1.2099981307983398
elastic_transform,logit_combined,0.2,88.2099986076355,1.0399997234344482
elastic_transform,cbc_logit_bias,0.2,88.24999928474426,0.9999990463256836
elastic_transform,cbc_logit_residual,0.2,89.5900011062622,-0.34000277519226074
elastic_transform,cbc_logit_combined,0.2,88.2099986076355,1.0399997234344482
elastic_transform,feature_center_shift,0.3,89.410001039505,-0.1600027084350586
elastic_transform,feature_shape_distortion,0.3,86.79999709129333,2.4500012397766113
elastic_transform,feature_combined,0.3,87.44000196456909,1.8099963665008545
elastic_transform,cbc_feature_center_shift,0.3,87.51999735832214,1.7300009727478027
elastic_transform,cbc_feature_shape_distortion,0.3,89.56999778747559,-0.31999945640563965
elastic_transform,cbc_feature_combined,0.3,87.44000196456909,1.8099963665008545
elastic_transform,logit_bias,0.3,89.410001039505,-0.1600027084350586
elastic_transform,logit_residual,0.3,86.79999709129333,2.4500012397766113
elastic_transform,logit_combined,0.3,87.44000196456909,1.8099963665008545
elastic_transform,cbc_logit_bias,0.3,87.51999735832214,1.7300009727478027
elastic_transform,cbc_logit_residual,0.3,89.56999778747559,-0.31999945640563965
elastic_transform,cbc_logit_combined,0.3,87.44000196456909,1.8099963665008545
elastic_transform,feature_center_shift,0.4,89.52000141143799,-0.270003080368042
elastic_transform,feature_shape_distortion,0.4,85.44999957084656,3.7999987602233887
elastic_transform,feature_combined,0.4,86.080002784729,3.1699955463409424
elastic_transform,cbc_feature_center_shift,0.4,86.73999905586243,2.5099992752075195
elastic_transform,cbc_feature_shape_distortion,0.4,89.410001039505,-0.1600027084350586
elastic_transform,cbc_feature_combined,0.4,86.080002784729,3.1699955463409424
elastic_transform,logit_bias,0.4,89.52000141143799,-0.270003080368042
elastic_transform,logit_residual,0.4,85.44999957084656,3.7999987602233887
elastic_transform,logit_combined,0.4,86.080002784729,3.1699955463409424
elastic_transform,cbc_logit_bias,0.4,86.73999905586243,2.5099992752075195
elastic_transform,cbc_logit_residual,0.4,89.410001039505,-0.1600027084350586
elastic_transform,cbc_logit_combined,0.4,86.080002784729,3.1699955463409424
elastic_transform,feature_center_shift,0.5,89.60999846458435,-0.3600001335144043
elastic_transform,feature_shape_distortion,0.5,82.4899971485138,6.760001182556152
elastic_transform,feature_combined,0.5,83.61999988555908,5.629998445510864
elastic_transform,cbc_feature_center_shift,0.5,85.87999939918518,3.3699989318847656
elastic_transform,cbc_feature_shape_distortion,0.5,89.06000256538391,0.18999576568603516
elastic_transform,cbc_feature_combined,0.5,83.61999988555908,5.629998445510864
elastic_transform,logit_bias,0.5,89.60999846458435,-0.3600001335144043
elastic_transform,logit_residual,0.5,82.4899971485138,6.760001182556152
elastic_transform,logit_combined,0.5,83.61999988555908,5.629998445510864
elastic_transform,cbc_logit_bias,0.5,85.87999939918518,3.3699989318847656
elastic_transform,cbc_logit_residual,0.5,89.06000256538391,0.18999576568603516
elastic_transform,cbc_logit_combined,0.5,83.61999988555908,5.629998445510864
elastic_transform,feature_center_shift,0.6,89.6399974822998,-0.3899991512298584
elastic_transform,feature_shape_distortion,0.6,78.32000255584717,10.929995775222778
elastic_transform,feature_combined,0.6,79.79999780654907,9.450000524520874
elastic_transform,cbc_feature_center_shift,0.6,85.17000079154968,4.079997539520264
elastic_transform,cbc_feature_shape_distortion,0.6,87.81999945640564,1.4299988746643066
elastic_transform,cbc_feature_combined,0.6,79.79999780654907,9.450000524520874
elastic_transform,logit_bias,0.6,89.6399974822998,-0.3899991512298584
elastic_transform,logit_residual,0.6,78.32000255584717,10.929995775222778
elastic_transform,logit_combined,0.6,79.79999780654907,9.450000524520874
elastic_transform,cbc_logit_bias,0.6,85.17000079154968,4.079997539520264
elastic_transform,cbc_logit_residual,0.6,87.81999945640564,1.4299988746643066
elastic_transform,cbc_logit_combined,0.6,79.79999780654907,9.450000524520874
elastic_transform,feature_center_shift,0.7,89.77000117301941,-0.5200028419494629
elastic_transform,feature_shape_distortion,0.7,72.75000214576721,16.499996185302734
elastic_transform,feature_combined,0.7,74.47999715805054,14.77000117301941
elastic_transform,cbc_feature_center_shift,0.7,84.42999720573425,4.820001125335693
elastic_transform,cbc_feature_shape_distortion,0.7,84.95000004768372,4.2999982833862305
elastic_transform,cbc_feature_combined,0.7,74.47999715805054,14.77000117301941
elastic_transform,logit_bias,0.7,89.77000117301941,-0.5200028419494629
elastic_transform,logit_residual,0.7,72.75000214576721,16.499996185302734
elastic_transform,logit_combined,0.7,74.47999715805054,14.77000117301941
elastic_transform,cbc_logit_bias,0.7,84.42999720573425,4.820001125335693
elastic_transform,cbc_logit_residual,0.7,84.95000004768372,4.2999982833862305
elastic_transform,cbc_logit_combined,0.7,74.47999715805054,14.77000117301941
elastic_transform,feature_center_shift,0.8,89.80000019073486,-0.550001859664917
elastic_transform,feature_shape_distortion,0.8,65.78999757766724,23.46000075340271
elastic_transform,feature_combined,0.8,67.65000224113464,21.599996089935303
elastic_transform,cbc_feature_center_shift,0.8,83.56000185012817,5.6899964809417725
elastic_transform,cbc_feature_shape_distortion,0.8,79.44999933242798,9.799998998641968
elastic_transform,cbc_feature_combined,0.8,67.65000224113464,21.599996089935303
elastic_transform,logit_bias,0.8,89.80000019073486,-0.550001859664917
elastic_transform,logit_residual,0.8,65.78999757766724,23.46000075340271
elastic_transform,logit_combined,0.8,67.65000224113464,21.599996089935303
elastic_transform,cbc_logit_bias,0.8,83.56000185012817,5.6899964809417725
elastic_transform,cbc_logit_residual,0.8,79.44999933242798,9.799998998641968
elastic_transform,cbc_logit_combined,0.8,67.65000224113464,21.599996089935303
elastic_transform,feature_center_shift,0.9,89.86999988555908,-0.6200015544891357
elastic_transform,feature_shape_distortion,0.9,58.61999988555908,30.629998445510864
elastic_transform,feature_combined,0.9,60.5400025844574,28.70999574661255
elastic_transform,cbc_feature_center_shift,0.9,82.56999850273132,6.679999828338623
elastic_transform,cbc_feature_shape_distortion,0.9,70.24000287055969,19.009995460510254
elastic_transform,cbc_feature_combined,0.9,60.5400025844574,28.70999574661255
elastic_transform,logit_bias,0.9,89.86999988555908,-0.6200015544891357
elastic_transform,logit_residual,0.9,58.61999988555908,30.629998445510864
elastic_transform,logit_combined,0.9,60.5400025844574,28.70999574661255
elastic_transform,cbc_logit_bias,0.9,82.56999850273132,6.679999828338623
elastic_transform,cbc_logit_residual,0.9,70.24000287055969,19.009995460510254
elastic_transform,cbc_logit_combined,0.9,60.5400025844574,28.70999574661255
elastic_transform,feature_center_shift,1.0,89.88000154495239,-0.6300032138824463
elastic_transform,feature_shape_distortion,1.0,51.910001039505005,37.33999729156494
elastic_transform,feature_combined,1.0,53.15999984741211,36.08999848365784
elastic_transform,cbc_feature_center_shift,1.0,81.85999989509583,7.389998435974121
elastic_transform,cbc_feature_shape_distortion,1.0,60.9499990940094,28.299999237060547
elastic_transform,cbc_feature_combined,1.0,53.15999984741211,36.08999848365784
elastic_transform,logit_bias,1.0,89.88000154495239,-0.6300032138824463
elastic_transform,logit_residual,1.0,51.910001039505005,37.33999729156494
elastic_transform,logit_combined,1.0,53.15999984741211,36.08999848365784
elastic_transform,cbc_logit_bias,1.0,81.85999989509583,7.389998435974121
elastic_transform,cbc_logit_residual,1.0,60.9499990940094,28.299999237060547
elastic_transform,cbc_logit_combined,1.0,53.15999984741211,36.08999848365784
fog,feature_center_shift,0.0,89.24999833106995,0.0
fog,feature_shape_distortion,0.0,89.24999833106995,0.0
fog,feature_combined,0.0,89.24999833106995,0.0
fog,cbc_feature_center_shift,0.0,89.24999833106995,0.0
fog,cbc_feature_shape_distortion,0.0,89.24999833106995,0.0
fog,cbc_feature_combined,0.0,89.24999833106995,0.0
fog,logit_bias,0.0,89.24999833106995,0.0
fog,logit_residual,0.0,89.24999833106995,0.0
fog,logit_combined,0.0,89.24999833106995,0.0
fog,cbc_logit_bias,0.0,89.24999833106995,0.0
fog,cbc_logit_residual,0.0,89.24999833106995,0.0
fog,cbc_logit_combined,0.0,89.24999833106995,0.0
fog,feature_center_shift,0.1,89.2799973487854,-0.0299990177154541
fog,feature_shape_distortion,0.1,89.09000158309937,0.15999674797058105
fog,feature_combined,0.1,89.09000158309937,0.15999674797058105
fog,cbc_feature_center_shift,0.1,88.77999782562256,0.4700005054473877
fog,cbc_feature_shape_distortion,0.1,89.67999815940857,-0.42999982833862305
fog,cbc_feature_combined,0.1,89.09000158309937,0.15999674797058105
fog,logit_bias,0.1,89.2799973487854,-0.0299990177154541
fog,logit_residual,0.1,89.09000158309937,0.15999674797058105
fog,logit_combined,0.1,89.09000158309937,0.15999674797058105
fog,cbc_logit_bias,0.1,88.77999782562256,0.4700005054473877
fog,cbc_logit_residual,0.1,89.67999815940857,-0.42999982833862305
fog,cbc_logit_combined,0.1,89.09000158309937,0.15999674797058105
fog,feature_center_shift,0.2,89.2799973487854,-0.0299990177154541
fog,feature_shape_distortion,0.2,88.7000024318695,0.5499958992004395
fog,feature_combined,0.2,88.84999752044678,0.40000081062316895
fog,cbc_feature_center_shift,0.2,88.1600022315979,1.089996099472046
fog,cbc_feature_shape_distortion,0.2,90.09000062942505,-0.8400022983551025
fog,cbc_feature_combined,0.2,88.84999752044678,0.40000081062316895
fog,logit_bias,0.2,89.2799973487854,-0.0299990177154541
fog,logit_residual,0.2,88.7000024318695,0.5499958992004395
fog,logit_combined,0.2,88.84999752044678,0.40000081062316895
fog,cbc_logit_bias,0.2,88.1600022315979,1.089996099472046
fog,cbc_logit_residual,0.2,90.09000062942505,-0.8400022983551025
fog,cbc_logit_combined,0.2,88.84999752044678,0.40000081062316895
fog,feature_center_shift,0.3,89.34999704360962,-0.09999871253967285
fog,feature_shape_distortion,0.3,88.05999755859375,1.1900007724761963
fog,feature_combined,0.3,88.3899986743927,0.8599996566772461
fog,cbc_feature_center_shift,0.3,87.48999834060669,1.7599999904632568
fog,cbc_feature_shape_distortion,0.3,90.32999873161316,-1.080000400543213
fog,cbc_feature_combined,0.3,88.3899986743927,0.8599996566772461
fog,logit_bias,0.3,89.34999704360962,-0.09999871253967285
fog,logit_residual,0.3,88.05999755859375,1.1900007724761963
fog,logit_combined,0.3,88.3899986743927,0.8599996566772461
fog,cbc_logit_bias,0.3,87.48999834060669,1.7599999904632568
fog,cbc_logit_residual,0.3,90.32999873161316,-1.080000400543213
fog,cbc_logit_combined,0.3,88.3899986743927,0.8599996566772461
fog,feature_center_shift,0.4,89.35999870300293,-0.1100003719329834
fog,feature_shape_distortion,0.4,87.09999918937683,2.1499991416931152
fog,feature_combined,0.4,87.48000264167786,1.7699956893920898
fog,cbc_feature_center_shift,0.4,86.66999936103821,2.5799989700317383
fog,cbc_feature_shape_distortion,0.4,90.35000205039978,-1.100003719329834
fog,cbc_feature_combined,0.4,87.48000264167786,1.7699956893920898
fog,logit_bias,0.4,89.35999870300293,-0.1100003719329834
fog,logit_residual,0.4,87.09999918937683,2.1499991416931152
fog,logit_combined,0.4,87.48000264167786,1.7699956893920898
fog,cbc_logit_bias,0.4,86.66999936103821,2.5799989700317383
fog,cbc_logit_residual,0.4,90.35000205039978,-1.100003719329834
fog,cbc_logit_combined,0.4,87.48000264167786,1.7699956893920898
fog,feature_center_shift,0.5,89.42000269889832,-0.17000436782836914
fog,feature_shape_distortion,0.5,85.68000197410583,3.5699963569641113
fog,feature_combined,0.5,86.40000224113464,2.8499960899353027
fog,cbc_feature_center_shift,0.5,85.75999736785889,3.4900009632110596
fog,cbc_feature_shape_distortion,0.5,90.13000130653381,-0.8800029754638672
fog,cbc_feature_combined,0.5,86.40000224113464,2.8499960899353027
fog,logit_bias,0.5,89.42000269889832,-0.17000436782836914
fog,logit_residual,0.5,85.68000197410583,3.5699963569641113
fog,logit_combined,0.5,86.40000224113464,2.8499960899353027
fog,cbc_logit_bias,0.5,85.75999736785889,3.4900009632110596
fog,cbc_logit_residual,0.5,90.13000130653381,-0.8800029754638672
fog,cbc_logit_combined,0.5,86.40000224113464,2.8499960899353027
fog,feature_center_shift,0.6,89.48000073432922,-0.23000240325927734
fog,feature_shape_distortion,0.6,83.85000228881836,5.399996042251587
fog,feature_combined,0.6,84.50999855995178,4.739999771118164
fog,cbc_feature_center_shift,0.6,85.11000275611877,4.139995574951172
fog,cbc_feature_shape_distortion,0.6,89.46999907493591,-0.2200007438659668
fog,cbc_feature_combined,0.6,84.50999855995178,4.739999771118164
fog,logit_bias,0.6,89.48000073432922,-0.23000240325927734
fog,logit_residual,0.6,83.85000228881836,5.399996042251587
fog,logit_combined,0.6,84.50999855995178,4.739999771118164
fog,cbc_logit_bias,0.6,85.11000275611877,4.139995574951172
fog,cbc_logit_residual,0.6,89.46999907493591,-0.2200007438659668
fog,cbc_logit_combined,0.6,84.50999855995178,4.739999771118164
fog,feature_center_shift,0.7,89.52999711036682,-0.279998779296875
fog,feature_shape_distortion,0.7,80.93000054359436,8.319997787475586
fog,feature_combined,0.7,81.90000057220459,7.3499977588653564
fog,cbc_feature_center_shift,0.7,84.170001745224,5.079996585845947
fog,cbc_feature_shape_distortion,0.7,88.15000057220459,1.0999977588653564
fog,cbc_feature_combined,0.7,81.90000057220459,7.3499977588653564
fog,logit_bias,0.7,89.52999711036682,-0.279998779296875
fog,logit_residual,0.7,80.93000054359436,8.319997787475586
fog,logit_combined,0.7,81.90000057220459,7.3499977588653564
fog,cbc_logit_bias,0.7,84.170001745224,5.079996585845947
fog,cbc_logit_residual,0.7,88.15000057220459,1.0999977588653564
fog,cbc_logit_combined,0.7,81.90000057220459,7.3499977588653564
fog,feature_center_shift,0.8,89.5799994468689,-0.3300011157989502
fog,feature_shape_distortion,0.8,76.80000066757202,12.449997663497925
fog,feature_combined,0.8,77.92999744415283,11.320000886917114
fog,cbc_feature_center_shift,0.8,83.28999876976013,5.9599995613098145
fog,cbc_feature_shape_distortion,0.8,85.2400004863739,4.009997844696045
fog,cbc_feature_combined,0.8,77.92999744415283,11.320000886917114
fog,logit_bias,0.8,89.5799994468689,-0.3300011157989502
fog,logit_residual,0.8,76.80000066757202,12.449997663497925
fog,logit_combined,0.8,77.92999744415283,11.320000886917114
fog,cbc_logit_bias,0.8,83.28999876976013,5.9599995613098145
fog,cbc_logit_residual,0.8,85.2400004863739,4.009997844696045
fog,cbc_logit_combined,0.8,77.92999744415283,11.320000886917114
fog,feature_center_shift,0.9,89.60999846458435,-0.3600001335144043
fog,feature_shape_distortion,0.9,71.78000211715698,17.469996213912964
fog,feature_combined,0.9,73.4499990940094,15.799999237060547
fog,cbc_feature_center_shift,0.9,82.4400007724762,6.80999755859375
fog,cbc_feature_shape_distortion,0.9,79.29999828338623,9.950000047683716
fog,cbc_feature_combined,0.9,73.4499990940094,15.799999237060547
fog,logit_bias,0.9,89.60999846458435,-0.3600001335144043
fog,logit_residual,0.9,71.78000211715698,17.469996213912964
fog,logit_combined,0.9,73.4499990940094,15.799999237060547
fog,cbc_logit_bias,0.9,82.4400007724762,6.80999755859375
fog,cbc_logit_residual,0.9,79.29999828338623,9.950000047683716
fog,cbc_logit_combined,0.9,73.4499990940094,15.799999237060547
fog,feature_center_shift,1.0,89.6399974822998,-0.3899991512298584
fog,feature_shape_distortion,1.0,66.96000099182129,22.289997339248657
fog,feature_combined,1.0,68.47000122070312,20.77999711036682
fog,cbc_feature_center_shift,1.0,81.51000142097473,7.739996910095215
fog,cbc_feature_shape_distortion,1.0,73.04999828338623,16.200000047683716
fog,cbc_feature_combined,1.0,68.47000122070312,20.77999711036682
fog,logit_bias,1.0,89.6399974822998,-0.3899991512298584
fog,logit_residual,1.0,66.96000099182129,22.289997339248657
fog,logit_combined,1.0,68.47000122070312,20.77999711036682
fog,cbc_logit_bias,1.0,81.51000142097473,7.739996910095215
fog,cbc_logit_residual,1.0,73.04999828338623,16.200000047683716
fog,cbc_logit_combined,1.0,68.47000122070312,20.77999711036682
frost,feature_center_shift,0.0,89.24999833106995,0.0
frost,feature_shape_distortion,0.0,89.24999833106995,0.0
frost,feature_combined,0.0,89.24999833106995,0.0
frost,cbc_feature_center_shift,0.0,89.24999833106995,0.0
frost,cbc_feature_shape_distortion,0.0,89.24999833106995,0.0
frost,cbc_feature_combined,0.0,89.24999833106995,0.0
frost,logit_bias,0.0,89.24999833106995,0.0
frost,logit_residual,0.0,89.24999833106995,0.0
frost,logit_combined,0.0,89.24999833106995,0.0
frost,cbc_logit_bias,0.0,89.24999833106995,0.0
frost,cbc_logit_residual,0.0,89.24999833106995,0.0
frost,cbc_logit_combined,0.0,89.24999833106995,0.0
frost,feature_center_shift,0.1,89.2300009727478,0.019997358322143555
frost,feature_shape_distortion,0.1,89.24999833106995,0.0
frost,feature_combined,0.1,89.24999833106995,0.0
frost,cbc_feature_center_shift,0.1,88.76000046730042,0.48999786376953125
frost,cbc_feature_shape_distortion,0.1,89.78000283241272,-0.5300045013427734
frost,cbc_feature_combined,0.1,89.24999833106995,0.0
frost,logit_bias,0.1,89.2300009727478,0.019997358322143555
frost,logit_residual,0.1,89.24999833106995,0.0
frost,logit_combined,0.1,89.24999833106995,0.0
frost,cbc_logit_bias,0.1,88.76000046730042,0.48999786376953125
frost,cbc_logit_residual,0.1,89.78000283241272,-0.5300045013427734
frost,cbc_logit_combined,0.1,89.24999833106995,0.0
frost,feature_center_shift,0.2,89.28999900817871,-0.04000067710876465
frost,feature_shape_distortion,0.2,89.03999924659729,0.20999908447265625
frost,feature_combined,0.2,89.14999961853027,0.09999871253967285
frost,cbc_feature_center_shift,0.2,88.17999958992004,1.0699987411499023
frost,cbc_feature_shape_distortion,0.2,90.39000272750854,-1.1400043964385986
frost,cbc_feature_combined,0.2,89.14999961853027,0.09999871253967285
frost,logit_bias,0.2,89.28999900817871,-0.04000067710876465
frost,logit_residual,0.2,89.03999924659729,0.20999908447265625
frost,logit_combined,0.2,89.14999961853027,0.09999871253967285
frost,cbc_logit_bias,0.2,88.17999958992004,1.0699987411499023
frost,cbc_logit_residual,0.2,90.39999842643738,-1.1500000953674316
frost,cbc_logit_combined,0.2,89.14999961853027,0.09999871253967285
frost,feature_center_shift,0.3,89.31000232696533,-0.06000399589538574
frost,feature_shape_distortion,0.3,88.6900007724762,0.55999755859375
frost,feature_combined,0.3,88.99000287055969,0.2599954605102539
frost,cbc_feature_center_shift,0.3,87.47000098228455,1.7799973487854004
frost,cbc_feature_shape_distortion,0.3,90.78999757766724,-1.53999924659729
frost,cbc_feature_combined,0.3,88.99000287055969,0.2599954605102539
frost,logit_bias,0.3,89.31000232696533,-0.06000399589538574
frost,logit_residual,0.3,88.6900007724762,0.55999755859375
frost,logit_combined,0.3,88.99000287055969,0.2599954605102539
frost,cbc_logit_bias,0.3,87.47000098228455,1.7799973487854004
frost,cbc_logit_residual,0.3,90.78999757766724,-1.53999924659729
frost,cbc_logit_combined,0.3,88.99000287055969,0.2599954605102539
frost,feature_center_shift,0.4,89.42000269889832,-0.17000436782836914
frost,feature_shape_distortion,0.4,88.2099986076355,1.0399997234344482
frost,feature_combined,0.4,88.63999843597412,0.6099998950958252
frost,cbc_feature_center_shift,0.4,86.79999709129333,2.4500012397766113
frost,cbc_feature_shape_distortion,0.4,90.85000157356262,-1.6000032424926758
frost,cbc_feature_combined,0.4,88.63999843597412,0.6099998950958252
frost,logit_bias,0.4,89.42000269889832,-0.17000436782836914
frost,logit_residual,0.4,88.2099986076355,1.0399997234344482
frost,logit_combined,0.4,88.63999843597412,0.6099998950958252
frost,cbc_logit_bias,0.4,86.79999709129333,2.4500012397766113
frost,cbc_logit_residual,0.4,90.85000157356262,-1.6000032424926758
frost,cbc_logit_combined,0.4,88.63999843597412,0.6099998950958252
frost,feature_center_shift,0.5,89.49000239372253,-0.2400040626525879
frost,feature_shape_distortion,0.5,87.29000091552734,1.9599974155426025
frost,feature_combined,0.5,87.98999786376953,1.260000467300415
frost,cbc_feature_center_shift,0.5,85.9000027179718,3.3499956130981445
frost,cbc_feature_shape_distortion,0.5,90.82000255584717,-1.5700042247772217
frost,cbc_feature_combined,0.5,87.98999786376953,1.260000467300415
frost,logit_bias,0.5,89.49000239372253,-0.2400040626525879
frost,logit_residual,0.5,87.29000091552734,1.9599974155426025
frost,logit_combined,0.5,87.98999786376953,1.260000467300415
frost,cbc_logit_bias,0.5,85.9000027179718,3.3499956130981445
frost,cbc_logit_residual,0.5,90.82000255584717,-1.5700042247772217
frost,cbc_logit_combined,0.5,87.98999786376953,1.260000467300415
frost,feature_center_shift,0.6,89.49999809265137,-0.2499997615814209
frost,feature_shape_distortion,0.6,85.97000241279602,3.279995918273926
frost,feature_combined,0.6,86.76000237464905,2.4899959564208984
frost,cbc_feature_center_shift,0.6,85.25000214576721,3.9999961853027344
frost,cbc_feature_shape_distortion,0.6,90.35999774932861,-1.109999418258667
frost,cbc_feature_combined,0.6,86.76000237464905,2.4899959564208984
frost,logit_bias,0.6,89.49999809265137,-0.2499997615814209
frost,logit_residual,0.6,85.97000241279602,3.279995918273926
frost,logit_combined,0.6,86.76000237464905,2.4899959564208984
frost,cbc_logit_bias,0.6,85.25000214576721,3.9999961853027344
frost,cbc_logit_residual,0.6,90.35999774932861,-1.109999418258667
frost,cbc_logit_combined,0.6,86.76000237464905,2.4899959564208984
frost,feature_center_shift,0.7,89.56999778747559,-0.31999945640563965
frost,feature_shape_distortion,0.7,84.31000113487244,4.93999719619751
frost,feature_combined,0.7,85.11000275611877,4.139995574951172
frost,cbc_feature_center_shift,0.7,84.52000021934509,4.7299981117248535
frost,cbc_feature_shape_distortion,0.7,89.2799973487854,-0.0299990177154541
frost,cbc_feature_combined,0.7,85.11000275611877,4.139995574951172
frost,logit_bias,0.7,89.56999778747559,-0.31999945640563965
frost,logit_residual,0.7,84.31000113487244,4.93999719619751
frost,logit_combined,0.7,85.11000275611877,4.139995574951172
frost,cbc_logit_bias,0.7,84.52000021934509,4.7299981117248535
frost,cbc_logit_residual,0.7,89.2799973487854,-0.0299990177154541
frost,cbc_logit_combined,0.7,85.11000275611877,4.139995574951172
frost,feature_center_shift,0.8,89.63000178337097,-0.3800034523010254
frost,feature_shape_distortion,0.8,81.80999755859375,7.440000772476196
frost,feature_combined,0.8,82.669997215271,6.58000111579895
frost,cbc_feature_center_shift,0.8,83.77000093460083,5.479997396469116
frost,cbc_feature_shape_distortion,0.8,87.11000084877014,2.1399974822998047
frost,cbc_feature_combined,0.8,82.669997215271,6.58000111579895
frost,logit_bias,0.8,89.63000178337097,-0.3800034523010254
frost,logit_residual,0.8,81.80999755859375,7.440000772476196
frost,logit_combined,0.8,82.669997215271,6.58000111579895
frost,cbc_logit_bias,0.8,83.77000093460083,5.479997396469116
frost,cbc_logit_residual,0.8,87.11000084877014,2.1399974822998047
frost,cbc_logit_combined,0.8,82.669997215271,6.58000111579895
frost,feature_center_shift,0.9,89.66000080108643,-0.4100024700164795
frost,feature_shape_distortion,0.9,79.04999852180481,10.199999809265137
frost,feature_combined,0.9,79.8200011253357,9.429997205734253
frost,cbc_feature_center_shift,0.9,82.8499972820282,6.400001049041748
frost,cbc_feature_shape_distortion,0.9,83.61999988555908,5.629998445510864
frost,cbc_feature_combined,0.9,79.8200011253357,9.429997205734253
frost,logit_bias,0.9,89.66000080108643,-0.4100024700164795
frost,logit_residual,0.9,79.04999852180481,10.199999809265137
frost,logit_combined,0.9,79.8200011253357,9.429997205734253
frost,cbc_logit_bias,0.9,82.8499972820282,6.400001049041748
frost,cbc_logit_residual,0.9,83.61999988555908,5.629998445510864
frost,cbc_logit_combined,0.9,79.8200011253357,9.429997205734253
frost,feature_center_shift,1.0,89.68999981880188,-0.4400014877319336
frost,feature_shape_distortion,1.0,75.87000131607056,13.37999701499939
frost,feature_combined,1.0,76.56999826431274,12.680000066757202
frost,cbc_feature_center_shift,1.0,81.92999958992004,7.319998741149902
frost,cbc_feature_shape_distortion,1.0,79.58999872207642,9.65999960899353
frost,cbc_feature_combined,1.0,76.56999826431274,12.680000066757202
frost,logit_bias,1.0,89.68999981880188,-0.4400014877319336
frost,logit_residual,1.0,75.87000131607056,13.37999701499939
frost,logit_combined,1.0,76.56999826431274,12.680000066757202
frost,cbc_logit_bias,1.0,81.92999958992004,7.319998741149902
frost,cbc_logit_residual,1.0,79.58999872207642,9.65999960899353
frost,cbc_logit_combined,1.0,76.56999826431274,12.680000066757202
gaussian_noise,feature_center_shift,0.0,89.24999833106995,0.0
gaussian_noise,feature_shape_distortion,0.0,89.24999833106995,0.0
gaussian_noise,feature_combined,0.0,89.24999833106995,0.0
gaussian_noise,cbc_feature_center_shift,0.0,89.24999833106995,0.0
gaussian_noise,cbc_feature_shape_distortion,0.0,89.24999833106995,0.0
gaussian_noise,cbc_feature_combined,0.0,89.24999833106995,0.0
gaussian_noise,logit_bias,0.0,89.24999833106995,0.0
gaussian_noise,logit_residual,0.0,89.24999833106995,0.0
gaussian_noise,logit_combined,0.0,89.24999833106995,0.0
gaussian_noise,cbc_logit_bias,0.0,89.24999833106995,0.0
gaussian_noise,cbc_logit_residual,0.0,89.24999833106995,0.0
gaussian_noise,cbc_logit_combined,0.0,89.24999833106995,0.0
gaussian_noise,feature_center_shift,0.1,89.27000164985657,-0.020003318786621094
gaussian_noise,feature_shape_distortion,0.1,88.83000016212463,0.4199981689453125
gaussian_noise,feature_combined,0.1,88.88999819755554,0.3600001335144043
gaussian_noise,cbc_feature_center_shift,0.1,88.71999979019165,0.5299985408782959
gaussian_noise,cbc_feature_shape_distortion,0.1,89.3999993801117,-0.15000104904174805
gaussian_noise,cbc_feature_combined,0.1,88.88999819755554,0.3600001335144043
gaussian_noise,logit_bias,0.1,89.27000164985657,-0.020003318786621094
gaussian_noise,logit_residual,0.1,88.83000016212463,0.4199981689453125
gaussian_noise,logit_combined,0.1,88.88999819755554,0.3600001335144043
gaussian_noise,cbc_logit_bias,0.1,88.71999979019165,0.5299985408782959
gaussian_noise,cbc_logit_residual,0.1,89.3999993801117,-0.15000104904174805
gaussian_noise,cbc_logit_combined,0.1,88.88999819755554,0.3600001335144043
gaussian_noise,feature_center_shift,0.2,89.31000232696533,-0.06000399589538574
gaussian_noise,feature_shape_distortion,0.2,88.08000087738037,1.1699974536895752
gaussian_noise,feature_combined,0.2,88.16999793052673,1.080000400543213
gaussian_noise,cbc_feature_center_shift,0.2,88.02000284194946,1.2299954891204834
gaussian_noise,cbc_feature_shape_distortion,0.2,89.66000080108643,-0.4100024700164795
gaussian_noise,cbc_feature_combined,0.2,88.16999793052673,1.080000400543213
gaussian_noise,logit_bias,0.2,89.31000232696533,-0.06000399589538574
gaussian_noise,logit_residual,0.2,88.08000087738037,1.1699974536895752
gaussian_noise,logit_combined,0.2,88.16999793052673,1.080000400543213
gaussian_noise,cbc_logit_bias,0.2,88.02000284194946,1.2299954891204834
gaussian_noise,cbc_logit_residual,0.2,89.66000080108643,-0.4100024700164795
gaussian_noise,cbc_logit_combined,0.2,88.16999793052673,1.080000400543213
gaussian_noise,feature_center_shift,0.3,89.32999968528748,-0.0800013542175293
gaussian_noise,feature_shape_distortion,0.3,86.9700014591217,2.279996871948242
gaussian_noise,feature_combined,0.3,86.93000078201294,2.319997549057007
gaussian_noise,cbc_feature_center_shift,0.3,87.11000084877014,2.1399974822998047
gaussian_noise,cbc_feature_shape_distortion,0.3,89.74999785423279,-0.4999995231628418
gaussian_noise,cbc_feature_combined,0.3,86.93000078201294,2.319997549057007
gaussian_noise,logit_bias,0.3,89.32999968528748,-0.0800013542175293
gaussian_noise,logit_residual,0.3,86.9700014591217,2.279996871948242
gaussian_noise,logit_combined,0.3,86.93000078201294,2.319997549057007
gaussian_noise,cbc_logit_bias,0.3,87.11000084877014,2.1399974822998047
gaussian_noise,cbc_logit_residual,0.3,89.74999785423279,-0.4999995231628418
gaussian_noise,cbc_logit_combined,0.3,86.93000078201294,2.319997549057007
gaussian_noise,feature_center_shift,0.4,89.410001039505,-0.1600027084350586
gaussian_noise,feature_shape_distortion,0.4,85.28000116348267,3.9699971675872803
gaussian_noise,feature_combined,0.4,84.96000170707703,4.28999662399292
gaussian_noise,cbc_feature_center_shift,0.4,86.50000095367432,2.74999737739563
gaussian_noise,cbc_feature_shape_distortion,0.4,89.67999815940857,-0.42999982833862305
gaussian_noise,cbc_feature_combined,0.4,84.96000170707703,4.28999662399292
gaussian_noise,logit_bias,0.4,89.410001039505,-0.1600027084350586
gaussian_noise,logit_residual,0.4,85.28000116348267,3.9699971675872803
gaussian_noise,logit_combined,0.4,84.96000170707703,4.28999662399292
gaussian_noise,cbc_logit_bias,0.4,86.50000095367432,2.74999737739563
gaussian_noise,cbc_logit_residual,0.4,89.67999815940857,-0.42999982833862305
gaussian_noise,cbc_logit_combined,0.4,84.96000170707703,4.28999662399292
gaussian_noise,feature_center_shift,0.5,89.4599974155426,-0.20999908447265625
gaussian_noise,feature_shape_distortion,0.5,82.59999752044678,6.650000810623169
gaussian_noise,feature_combined,0.5,81.90000057220459,7.3499977588653564
gaussian_noise,cbc_feature_center_shift,0.5,85.49000024795532,3.759998083114624
gaussian_noise,cbc_feature_shape_distortion,0.5,89.25999999046326,-0.010001659393310547
gaussian_noise,cbc_feature_combined,0.5,81.90000057220459,7.3499977588653564
gaussian_noise,logit_bias,0.5,89.4599974155426,-0.20999908447265625
gaussian_noise,logit_residual,0.5,82.59999752044678,6.650000810623169
gaussian_noise,logit_combined,0.5,81.90000057220459,7.3499977588653564
gaussian_noise,cbc_logit_bias,0.5,85.49000024795532,3.759998083114624
gaussian_noise,cbc_logit_residual,0.5,89.25999999046326,-0.010001659393310547
gaussian_noise,cbc_logit_combined,0.5,81.90000057220459,7.3499977588653564
gaussian_noise,feature_center_shift,0.6,89.38999772071838,-0.1399993896484375
gaussian_noise,feature_shape_distortion,0.6,78.17999720573425,11.070001125335693
gaussian_noise,feature_combined,0.6,76.56999826431274,12.680000066757202
gaussian_noise,cbc_feature_center_shift,0.6,84.3999981880188,4.8500001430511475
gaussian_noise,cbc_feature_shape_distortion,0.6,88.09000253677368,1.1599957942962646
gaussian_noise,cbc_feature_combined,0.6,76.56999826431274,12.680000066757202
gaussian_noise,logit_bias,0.6,89.38999772071838,-0.1399993896484375
gaussian_noise,logit_residual,0.6,78.17999720573425,11.070001125335693
gaussian_noise,logit_combined,0.6,76.56999826431274,12.680000066757202
gaussian_noise,cbc_logit_bias,0.6,84.3999981880188,4.8500001430511475
gaussian_noise,cbc_logit_residual,0.6,88.09000253677368,1.1599957942962646
gaussian_noise,cbc_logit_combined,0.6,76.56999826431274,12.680000066757202
gaussian_noise,feature_center_shift,0.7,89.2799973487854,-0.0299990177154541
gaussian_noise,feature_shape_distortion,0.7,71.03999853134155,18.209999799728394
gaussian_noise,feature_combined,0.7,68.50000023841858,20.749998092651367
gaussian_noise,cbc_feature_center_shift,0.7,83.45999717712402,5.790001153945923
gaussian_noise,cbc_feature_shape_distortion,0.7,85.32000184059143,3.9299964904785156
gaussian_noise,cbc_feature_combined,0.7,68.50000023841858,20.749998092651367
gaussian_noise,logit_bias,0.7,89.2799973487854,-0.0299990177154541
gaussian_noise,logit_residual,0.7,71.03999853134155,18.209999799728394
gaussian_noise,logit_combined,0.7,68.50000023841858,20.749998092651367
gaussian_noise,cbc_logit_bias,0.7,83.45999717712402,5.790001153945923
gaussian_noise,cbc_logit_residual,0.7,85.32000184059143,3.9299964904785156
gaussian_noise,cbc_logit_combined,0.7,68.50000023841858,20.749998092651367
gaussian_noise,feature_center_shift,0.8,89.17999863624573,0.06999969482421875
gaussian_noise,feature_shape_distortion,0.8,61.15000247955322,28.099995851516724
gaussian_noise,feature_combined,0.8,58.649998903274536,30.59999942779541
gaussian_noise,cbc_feature_center_shift,0.8,82.40000009536743,6.849998235702515
gaussian_noise,cbc_feature_shape_distortion,0.8,78.79999876022339,10.449999570846558
gaussian_noise,cbc_feature_combined,0.8,58.649998903274536,30.59999942779541
gaussian_noise,logit_bias,0.8,89.17999863624573,0.06999969482421875
gaussian_noise,logit_residual,0.8,61.15000247955322,28.099995851516724
gaussian_noise,logit_combined,0.8,58.649998903274536,30.59999942779541
gaussian_noise,cbc_logit_bias,0.8,82.40000009536743,6.849998235702515
gaussian_noise,cbc_logit_residual,0.8,78.79999876022339,10.449999570846558
gaussian_noise,cbc_logit_combined,0.8,58.649998903274536,30.59999942779541
gaussian_noise,feature_center_shift,0.9,88.96999955177307,0.279998779296875
gaussian_noise,feature_shape_distortion,0.9,50.19000172615051,39.059996604919434
gaussian_noise,feature_combined,0.9,47.42000102996826,41.829997301101685
gaussian_noise,cbc_feature_center_shift,0.9,81.16999864578247,8.079999685287476
gaussian_noise,cbc_feature_shape_distortion,0.9,66.10000133514404,23.149996995925903
gaussian_noise,cbc_feature_combined,0.9,47.42000102996826,41.829997301101685
gaussian_noise,logit_bias,0.9,88.96999955177307,0.279998779296875
gaussian_noise,logit_residual,0.9,50.19000172615051,39.059996604919434
gaussian_noise,logit_combined,0.9,47.42000102996826,41.829997301101685
gaussian_noise,cbc_logit_bias,0.9,81.16999864578247,8.079999685287476
gaussian_noise,cbc_logit_residual,0.9,66.10000133514404,23.149996995925903
gaussian_noise,cbc_logit_combined,0.9,47.42000102996826,41.829997301101685
gaussian_noise,feature_center_shift,1.0,88.71999979019165,0.5299985408782959
gaussian_noise,feature_shape_distortion,1.0,39.77000117301941,49.47999715805054
gaussian_noise,feature_combined,1.0,37.79999911785126,51.44999921321869
gaussian_noise,cbc_feature_center_shift,1.0,80.14000058174133,9.109997749328613
gaussian_noise,cbc_feature_shape_distortion,1.0,48.55999946594238,40.68999886512756
gaussian_noise,cbc_feature_combined,1.0,37.79999911785126,51.44999921321869
gaussian_noise,logit_bias,1.0,88.71999979019165,0.5299985408782959
gaussian_noise,logit_residual,1.0,39.7599995136261,49.48999881744385
gaussian_noise,logit_combined,1.0,37.79999911785126,51.44999921321869
gaussian_noise,cbc_logit_bias,1.0,80.14000058174133,9.109997749328613
gaussian_noise,cbc_logit_residual,1.0,48.55999946594238,40.68999886512756
gaussian_noise,cbc_logit_combined,1.0,37.79999911785126,51.44999921321869
glass_blur,feature_center_shift,0.0,89.24999833106995,0.0
glass_blur,feature_shape_distortion,0.0,89.24999833106995,0.0
glass_blur,feature_combined,0.0,89.24999833106995,0.0
glass_blur,cbc_feature_center_shift,0.0,89.24999833106995,0.0
glass_blur,cbc_feature_shape_distortion,0.0,89.24999833106995,0.0
glass_blur,cbc_feature_combined,0.0,89.24999833106995,0.0
glass_blur,logit_bias,0.0,89.24999833106995,0.0
glass_blur,logit_residual,0.0,89.24999833106995,0.0
glass_blur,logit_combined,0.0,89.24999833106995,0.0
glass_blur,cbc_logit_bias,0.0,89.24999833106995,0.0
glass_blur,cbc_logit_residual,0.0,89.24999833106995,0.0
glass_blur,cbc_logit_combined,0.0,89.24999833106995,0.0
glass_blur,feature_center_shift,0.1,89.35999870300293,-0.1100003719329834
glass_blur,feature_shape_distortion,0.1,88.7399971485138,0.5100011825561523
glass_blur,feature_combined,0.1,88.95000219345093,0.29999613761901855
glass_blur,cbc_feature_center_shift,0.1,88.77000212669373,0.4799962043762207
glass_blur,cbc_feature_shape_distortion,0.1,89.42000269889832,-0.17000436782836914
glass_blur,cbc_feature_combined,0.1,88.95000219345093,0.29999613761901855
glass_blur,logit_bias,0.1,89.35999870300293,-0.1100003719329834
glass_blur,logit_residual,0.1,88.7399971485138,0.5100011825561523
glass_blur,logit_combined,0.1,88.95000219345093,0.29999613761901855
glass_blur,cbc_logit_bias,0.1,88.77000212669373,0.4799962043762207
glass_blur,cbc_logit_residual,0.1,89.42000269889832,-0.17000436782836914
glass_blur,cbc_logit_combined,0.1,88.95000219345093,0.29999613761901855
glass_blur,feature_center_shift,0.2,89.42000269889832,-0.17000436782836914
glass_blur,feature_shape_distortion,0.2,87.91000247001648,1.3399958610534668
glass_blur,feature_combined,0.2,88.40000033378601,0.8499979972839355
glass_blur,cbc_feature_center_shift,0.2,88.38000297546387,0.8699953556060791
glass_blur,cbc_feature_shape_distortion,0.2,89.64999914169312,-0.40000081062316895
glass_blur,cbc_feature_combined,0.2,88.40000033378601,0.8499979972839355
glass_blur,logit_bias,0.2,89.42000269889832,-0.17000436782836914
glass_blur,logit_residual,0.2,87.91000247001648,1.3399958610534668
glass_blur,logit_combined,0.2,88.40000033378601,0.8499979972839355
glass_blur,cbc_logit_bias,0.2,88.38000297546387,0.8699953556060791
glass_blur,cbc_logit_residual,0.2,89.64999914169312,-0.40000081062316895
glass_blur,cbc_logit_combined,0.2,88.40000033378601,0.8499979972839355
glass_blur,feature_center_shift,0.3,89.60000276565552,-0.3500044345855713
glass_blur,feature_shape_distortion,0.3,86.69000267982483,2.559995651245117
glass_blur,feature_combined,0.3,87.63999938964844,1.6099989414215088
glass_blur,cbc_feature_center_shift,0.3,87.69000172615051,1.5599966049194336
glass_blur,cbc_feature_shape_distortion,0.3,89.7599995136261,-0.5100011825561523
glass_blur,cbc_feature_combined,0.3,87.63999938964844,1.6099989414215088
glass_blur,logit_bias,0.3,89.60000276565552,-0.3500044345855713
glass_blur,logit_residual,0.3,86.69000267982483,2.559995651245117
glass_blur,logit_combined,0.3,87.63999938964844,1.6099989414215088
glass_blur,cbc_logit_bias,0.3,87.69000172615051,1.5599966049194336
glass_blur,cbc_logit_residual,0.3,89.7599995136261,-0.5100011825561523
glass_blur,cbc_logit_combined,0.3,87.63999938964844,1.6099989414215088
glass_blur,feature_center_shift,0.4,89.70999717712402,-0.45999884605407715
glass_blur,feature_shape_distortion,0.4,84.92000102996826,4.329997301101685
glass_blur,feature_combined,0.4,86.2500011920929,2.999997138977051
glass_blur,cbc_feature_center_shift,0.4,87.07000017166138,2.1799981594085693
glass_blur,cbc_feature_shape_distortion,0.4,89.55000042915344,-0.3000020980834961
glass_blur,cbc_feature_combined,0.4,86.2500011920929,2.999997138977051
glass_blur,logit_bias,0.4,89.70999717712402,-0.45999884605407715
glass_blur,logit_residual,0.4,84.92000102996826,4.329997301101685
glass_blur,logit_combined,0.4,86.2500011920929,2.999997138977051
glass_blur,cbc_logit_bias,0.4,87.07000017166138,2.1799981594085693
glass_blur,cbc_logit_residual,0.4,89.55000042915344,-0.3000020980834961
glass_blur,cbc_logit_combined,0.4,86.2500011920929,2.999997138977051
glass_blur,feature_center_shift,0.5,89.91000056266785,-0.6600022315979004
glass_blur,feature_shape_distortion,0.5,81.66999816894531,7.580000162124634
glass_blur,feature_combined,0.5,84.03000235557556,5.219995975494385
glass_blur,cbc_feature_center_shift,0.5,86.489999294281,2.7599990367889404
glass_blur,cbc_feature_shape_distortion,0.5,89.20000195503235,0.049996376037597656
glass_blur,cbc_feature_combined,0.5,84.03000235557556,5.219995975494385
glass_blur,logit_bias,0.5,89.91000056266785,-0.6600022315979004
glass_blur,logit_residual,0.5,81.66999816894531,7.580000162124634
glass_blur,logit_combined,0.5,84.03000235557556,5.219995975494385
glass_blur,cbc_logit_bias,0.5,86.489999294281,2.7599990367889404
glass_blur,cbc_logit_residual,0.5,89.20000195503235,0.049996376037597656
glass_blur,cbc_logit_combined,0.5,84.03000235557556,5.219995975494385
glass_blur,feature_center_shift,0.6,89.96999859809875,-0.7200002670288086
glass_blur,feature_shape_distortion,0.6,76.63999795913696,12.610000371932983
glass_blur,feature_combined,0.6,80.2299976348877,9.020000696182251
glass_blur,cbc_feature_center_shift,0.6,85.65000295639038,3.5999953746795654
glass_blur,cbc_feature_shape_distortion,0.6,87.92999982833862,1.3199985027313232
glass_blur,cbc_feature_combined,0.6,80.2299976348877,9.020000696182251
glass_blur,logit_bias,0.6,89.96999859809875,-0.7200002670288086
glass_blur,logit_residual,0.6,76.63999795913696,12.610000371932983
glass_blur,logit_combined,0.6,80.2299976348877,9.020000696182251
glass_blur,cbc_logit_bias,0.6,85.65000295639038,3.5999953746795654
glass_blur,cbc_logit_residual,0.6,87.92999982833862,1.3199985027313232
glass_blur,cbc_logit_combined,0.6,80.2299976348877,9.020000696182251
glass_blur,feature_center_shift,0.7,90.04999995231628,-0.8000016212463379
glass_blur,feature_shape_distortion,0.7,70.24999856948853,18.99999976158142
glass_blur,feature_combined,0.7,73.78000020980835,15.469998121261597
glass_blur,cbc_feature_center_shift,0.7,84.89999771118164,4.350000619888306
glass_blur,cbc_feature_shape_distortion,0.7,85.3600025177002,3.889995813369751
glass_blur,cbc_feature_combined,0.7,73.78000020980835,15.469998121261597
glass_blur,logit_bias,0.7,90.04999995231628,-0.8000016212463379
glass_blur,logit_residual,0.7,70.24999856948853,18.99999976158142
glass_blur,logit_combined,0.7,73.78000020980835,15.469998121261597
glass_blur,cbc_logit_bias,0.7,84.89999771118164,4.350000619888306
glass_blur,cbc_logit_residual,0.7,85.3600025177002,3.889995813369751
glass_blur,cbc_logit_combined,0.7,73.78000020980835,15.469998121261597
glass_blur,feature_center_shift,0.8,90.14000296592712,-0.8900046348571777
glass_blur,feature_shape_distortion,0.8,61.87000274658203,27.379995584487915
glass_blur,feature_combined,0.8,64.38000202178955,24.869996309280396
glass_blur,cbc_feature_center_shift,0.8,84.09000039100647,5.159997940063477
glass_blur,cbc_feature_shape_distortion,0.8,78.32000255584717,10.929995775222778
glass_blur,cbc_feature_combined,0.8,64.38000202178955,24.869996309280396
glass_blur,logit_bias,0.8,90.14000296592712,-0.8900046348571777
glass_blur,logit_residual,0.8,61.87000274658203,27.379995584487915
glass_blur,logit_combined,0.8,64.38000202178955,24.869996309280396
glass_blur,cbc_logit_bias,0.8,84.09000039100647,5.159997940063477
glass_blur,cbc_logit_residual,0.8,78.32000255584717,10.929995775222778
glass_blur,cbc_logit_combined,0.8,64.38000202178955,24.869996309280396
glass_blur,feature_center_shift,0.9,90.0600016117096,-0.8100032806396484
glass_blur,feature_shape_distortion,0.9,51.13000273704529,38.11999559402466
glass_blur,feature_combined,0.9,53.450000286102295,35.79999804496765
glass_blur,cbc_feature_center_shift,0.9,83.42999815940857,5.820000171661377
glass_blur,cbc_feature_shape_distortion,0.9,64.4599974155426,24.790000915527344
glass_blur,cbc_feature_combined,0.9,53.450000286102295,35.79999804496765
glass_blur,logit_bias,0.9,90.0600016117096,-0.8100032806396484
glass_blur,logit_residual,0.9,51.13000273704529,38.11999559402466
glass_blur,logit_combined,0.9,53.450000286102295,35.79999804496765
glass_blur,cbc_logit_bias,0.9,83.42999815940857,5.820000171661377
glass_blur,cbc_logit_residual,0.9,64.4599974155426,24.790000915527344
glass_blur,cbc_logit_combined,0.9,53.450000286102295,35.79999804496765
glass_blur,feature_center_shift,1.0,90.10999798774719,-0.8599996566772461
glass_blur,feature_shape_distortion,1.0,40.65000116825104,48.59999716281891
glass_blur,feature_combined,1.0,42.14000105857849,47.109997272491455
glass_blur,cbc_feature_center_shift,1.0,82.78999924659729,6.459999084472656
glass_blur,cbc_feature_shape_distortion,1.0,48.089998960494995,41.15999937057495
glass_blur,cbc_feature_combined,1.0,42.14000105857849,47.109997272491455
glass_blur,logit_bias,1.0,90.10999798774719,-0.8599996566772461
glass_blur,logit_residual,1.0,40.65000116825104,48.59999716281891
glass_blur,logit_combined,1.0,42.14000105857849,47.109997272491455
glass_blur,cbc_logit_bias,1.0,82.78999924659729,6.459999084472656
glass_blur,cbc_logit_residual,1.0,48.089998960494995,41.15999937057495
glass_blur,cbc_logit_combined,1.0,42.14000105857849,47.109997272491455
impulse_noise,feature_center_shift,0.0,89.24999833106995,0.0
impulse_noise,feature_shape_distortion,0.0,89.24999833106995,0.0
impulse_noise,feature_combined,0.0,89.24999833106995,0.0
impulse_noise,cbc_feature_center_shift,0.0,89.24999833106995,0.0
impulse_noise,cbc_feature_shape_distortion,0.0,89.24999833106995,0.0
impulse_noise,cbc_feature_combined,0.0,89.24999833106995,0.0
impulse_noise,logit_bias,0.0,89.24999833106995,0.0
impulse_noise,logit_residual,0.0,89.24999833106995,0.0
impulse_noise,logit_combined,0.0,89.24999833106995,0.0
impulse_noise,cbc_logit_bias,0.0,89.24999833106995,0.0
impulse_noise,cbc_logit_residual,0.0,89.24999833106995,0.0
impulse_noise,cbc_logit_combined,0.0,89.24999833106995,0.0
impulse_noise,feature_center_shift,0.1,89.24000263214111,0.009995698928833008
impulse_noise,feature_shape_distortion,0.1,88.8700008392334,0.37999749183654785
impulse_noise,feature_combined,0.1,88.88999819755554,0.3600001335144043
impulse_noise,cbc_feature_center_shift,0.1,88.7000024318695,0.5499958992004395
impulse_noise,cbc_feature_shape_distortion,0.1,89.49999809265137,-0.2499997615814209
impulse_noise,cbc_feature_combined,0.1,88.88999819755554,0.3600001335144043
impulse_noise,logit_bias,0.1,89.24000263214111,0.009995698928833008
impulse_noise,logit_residual,0.1,88.8700008392334,0.37999749183654785
impulse_noise,logit_combined,0.1,88.88999819755554,0.3600001335144043
impulse_noise,cbc_logit_bias,0.1,88.7000024318695,0.5499958992004395
impulse_noise,cbc_logit_residual,0.1,89.49999809265137,-0.2499997615814209
impulse_noise,cbc_logit_combined,0.1,88.88999819755554,0.3600001335144043
impulse_noise,feature_center_shift,0.2,89.32999968528748,-0.0800013542175293
impulse_noise,feature_shape_distortion,0.2,88.27999830245972,0.9700000286102295
impulse_noise,feature_combined,0.2,88.20000290870667,1.0499954223632812
impulse_noise,cbc_feature_center_shift,0.2,88.01000118255615,1.239997148513794
impulse_noise,cbc_feature_shape_distortion,0.2,89.64999914169312,-0.40000081062316895
impulse_noise,cbc_feature_combined,0.2,88.20000290870667,1.0499954223632812
impulse_noise,logit_bias,0.2,89.32999968528748,-0.0800013542175293
impulse_noise,logit_residual,0.2,88.27999830245972,0.9700000286102295
impulse_noise,logit_combined,0.2,88.20000290870667,1.0499954223632812
impulse_noise,cbc_logit_bias,0.2,88.01000118255615,1.239997148513794
impulse_noise,cbc_logit_residual,0.2,89.64999914169312,-0.40000081062316895
impulse_noise,cbc_logit_combined,0.2,88.20000290870667,1.0499954223632812
impulse_noise,feature_center_shift,0.3,89.32999968528748,-0.0800013542175293
impulse_noise,feature_shape_distortion,0.3,87.05000281333923,2.199995517730713
impulse_noise,feature_combined,0.3,87.11000084877014,2.1399974822998047
impulse_noise,cbc_feature_center_shift,0.3,87.16999888420105,2.0799994468688965
impulse_noise,cbc_feature_shape_distortion,0.3,89.85000252723694,-0.6000041961669922
impulse_noise,cbc_feature_combined,0.3,87.11000084877014,2.1399974822998047
impulse_noise,logit_bias,0.3,89.32999968528748,-0.0800013542175293
impulse_noise,logit_residual,0.3,87.05000281333923,2.199995517730713
impulse_noise,logit_combined,0.3,87.11000084877014,2.1399974822998047
impulse_noise,cbc_logit_bias,0.3,87.16999888420105,2.0799994468688965
impulse_noise,cbc_logit_residual,0.3,89.85000252723694,-0.6000041961669922
impulse_noise,cbc_logit_combined,0.3,87.11000084877014,2.1399974822998047
impulse_noise,feature_center_shift,0.4,89.31999802589417,-0.06999969482421875
impulse_noise,feature_shape_distortion,0.4,85.57999730110168,3.6700010299682617
impulse_noise,feature_combined,0.4,85.39000153541565,3.859996795654297
impulse_noise,cbc_feature_center_shift,0.4,86.23999953269958,3.0099987983703613
impulse_noise,cbc_feature_shape_distortion,0.4,89.6399974822998,-0.3899991512298584
impulse_noise,cbc_feature_combined,0.4,85.39000153541565,3.859996795654297
impulse_noise,logit_bias,0.4,89.31999802589417,-0.06999969482421875
impulse_noise,logit_residual,0.4,85.57999730110168,3.6700010299682617
impulse_noise,logit_combined,0.4,85.39000153541565,3.859996795654297
impulse_noise,cbc_logit_bias,0.4,86.23999953269958,3.0099987983703613
impulse_noise,cbc_logit_residual,0.4,89.6399974822998,-0.3899991512298584
impulse_noise,cbc_logit_combined,0.4,85.39000153541565,3.859996795654297
impulse_noise,feature_center_shift,0.5,89.410001039505,-0.1600027084350586
impulse_noise,feature_shape_distortion,0.5,83.13000202178955,6.1199963092803955
impulse_noise,feature_combined,0.5,82.77999758720398,6.470000743865967
impulse_noise,cbc_feature_center_shift,0.5,85.50000190734863,3.7499964237213135
impulse_noise,cbc_feature_shape_distortion,0.5,89.03999924659729,0.20999908447265625
impulse_noise,cbc_feature_combined,0.5,82.77999758720398,6.470000743865967
impulse_noise,logit_bias,0.5,89.410001039505,-0.1600027084350586
impulse_noise,logit_residual,0.5,83.13000202178955,6.1199963092803955
impulse_noise,logit_combined,0.5,82.77999758720398,6.470000743865967
impulse_noise,cbc_logit_bias,0.5,85.50000190734863,3.7499964237213135
impulse_noise,cbc_logit_residual,0.5,89.03999924659729,0.20999908447265625
impulse_noise,cbc_logit_combined,0.5,82.77999758720398,6.470000743865967
impulse_noise,feature_center_shift,0.6,89.49000239372253,-0.2400040626525879
impulse_noise,feature_shape_distortion,0.6,79.49000000953674,9.759998321533203
impulse_noise,feature_combined,0.6,79.00999784469604,10.240000486373901
impulse_noise,cbc_feature_center_shift,0.6,84.50000286102295,4.749995470046997
impulse_noise,cbc_feature_shape_distortion,0.6,87.97000050544739,1.2799978256225586
impulse_noise,cbc_feature_combined,0.6,79.00999784469604,10.240000486373901
impulse_noise,logit_bias,0.6,89.49000239372253,-0.2400040626525879
impulse_noise,logit_residual,0.6,79.49000000953674,9.759998321533203
impulse_noise,logit_combined,0.6,79.00999784469604,10.240000486373901
impulse_noise,cbc_logit_bias,0.6,84.50000286102295,4.749995470046997
impulse_noise,cbc_logit_residual,0.6,87.97000050544739,1.2799978256225586
impulse_noise,cbc_logit_combined,0.6,79.00999784469604,10.240000486373901
impulse_noise,feature_center_shift,0.7,89.45000171661377,-0.20000338554382324
impulse_noise,feature_shape_distortion,0.7,74.21000003814697,15.039998292922974
impulse_noise,feature_combined,0.7,73.32000136375427,15.929996967315674
impulse_noise,cbc_feature_center_shift,0.7,83.569997549057,5.6800007820129395
impulse_noise,cbc_feature_shape_distortion,0.7,85.50000190734863,3.7499964237213135
impulse_noise,cbc_feature_combined,0.7,73.32000136375427,15.929996967315674
impulse_noise,logit_bias,0.7,89.45000171661377,-0.20000338554382324
impulse_noise,logit_residual,0.7,74.21000003814697,15.039998292922974
impulse_noise,logit_combined,0.7,73.32000136375427,15.929996967315674
impulse_noise,cbc_logit_bias,0.7,83.569997549057,5.6800007820129395
impulse_noise,cbc_logit_residual,0.7,85.50000190734863,3.7499964237213135
impulse_noise,cbc_logit_combined,0.7,73.32000136375427,15.929996967315674
impulse_noise,feature_center_shift,0.8,89.42000269889832,-0.17000436782836914
impulse_noise,feature_shape_distortion,0.8,67.30999946594238,21.939998865127563
impulse_noise,feature_combined,0.8,66.58999919891357,22.659999132156372
impulse_noise,cbc_feature_center_shift,0.8,82.46999979019165,6.779998540878296
impulse_noise,cbc_feature_shape_distortion,0.8,80.97000122070312,8.279997110366821
impulse_noise,cbc_feature_combined,0.8,66.58999919891357,22.659999132156372
impulse_noise,logit_bias,0.8,89.42000269889832,-0.17000436782836914
impulse_noise,logit_residual,0.8,67.29999780654907,21.950000524520874
impulse_noise,logit_combined,0.8,66.58999919891357,22.659999132156372
impulse_noise,cbc_logit_bias,0.8,82.46999979019165,6.779998540878296
impulse_noise,cbc_logit_residual,0.8,80.97000122070312,8.279997110366821
impulse_noise,cbc_logit_combined,0.8,66.58999919891357,22.659999132156372
impulse_noise,feature_center_shift,0.9,89.44000005722046,-0.1900017261505127
impulse_noise,feature_shape_distortion,0.9,59.89000201225281,29.35999631881714
impulse_noise,feature_combined,0.9,58.43999981880188,30.809998512268066
impulse_noise,cbc_feature_center_shift,0.9,81.26000165939331,7.989996671676636
impulse_noise,cbc_feature_shape_distortion,0.9,72.97999858856201,16.269999742507935
impulse_noise,cbc_feature_combined,0.9,58.43999981880188,30.809998512268066
impulse_noise,logit_bias,0.9,89.44000005722046,-0.1900017261505127
impulse_noise,logit_residual,0.9,59.89000201225281,29.35999631881714
impulse_noise,logit_combined,0.9,58.43999981880188,30.809998512268066
impulse_noise,cbc_logit_bias,0.9,81.26000165939331,7.989996671676636
impulse_noise,cbc_logit_residual,0.9,72.97999858856201,16.269999742507935
impulse_noise,cbc_logit_combined,0.9,58.43999981880188,30.809998512268066
impulse_noise,feature_center_shift,1.0,89.42000269889832,-0.17000436782836914
impulse_noise,feature_shape_distortion,1.0,52.67999768257141,36.570000648498535
impulse_noise,feature_combined,1.0,51.71999931335449,37.529999017715454
impulse_noise,cbc_feature_center_shift,1.0,80.14000058174133,9.109997749328613
impulse_noise,cbc_feature_shape_distortion,1.0,62.92999982833862,26.319998502731323
impulse_noise,cbc_feature_combined,1.0,51.71999931335449,37.529999017715454
impulse_noise,logit_bias,1.0,89.42000269889832,-0.17000436782836914
impulse_noise,logit_residual,1.0,52.67999768257141,36.570000648498535
impulse_noise,logit_combined,1.0,51.71999931335449,37.529999017715454
impulse_noise,cbc_logit_bias,1.0,80.14000058174133,9.109997749328613
impulse_noise,cbc_logit_residual,1.0,62.92999982833862,26.319998502731323
impulse_noise,cbc_logit_combined,1.0,51.71999931335449,37.529999017715454
jpeg_compression,feature_center_shift,0.0,89.24999833106995,0.0
jpeg_compression,feature_shape_distortion,0.0,89.24999833106995,0.0
jpeg_compression,feature_combined,0.0,89.24999833106995,0.0
jpeg_compression,cbc_feature_center_shift,0.0,89.24999833106995,0.0
jpeg_compression,cbc_feature_shape_distortion,0.0,89.24999833106995,0.0
jpeg_compression,cbc_feature_combined,0.0,89.24999833106995,0.0
jpeg_compression,logit_bias,0.0,89.24999833106995,0.0
jpeg_compression,logit_residual,0.0,89.24999833106995,0.0
jpeg_compression,logit_combined,0.0,89.24999833106995,0.0
jpeg_compression,cbc_logit_bias,0.0,89.24999833106995,0.0
jpeg_compression,cbc_logit_residual,0.0,89.24999833106995,0.0
jpeg_compression,cbc_logit_combined,0.0,89.24999833106995,0.0
jpeg_compression,feature_center_shift,0.1,89.30000066757202,-0.050002336502075195
jpeg_compression,feature_shape_distortion,0.1,88.85999917984009,0.3899991512298584
jpeg_compression,feature_combined,0.1,88.91000151634216,0.3399968147277832
jpeg_compression,cbc_feature_center_shift,0.1,88.76000046730042,0.48999786376953125
jpeg_compression,cbc_feature_shape_distortion,0.1,89.49000239372253,-0.2400040626525879
jpeg_compression,cbc_feature_combined,0.1,88.91000151634216,0.3399968147277832
jpeg_compression,logit_bias,0.1,89.30000066757202,-0.050002336502075195
jpeg_compression,logit_residual,0.1,88.85999917984009,0.3899991512298584
jpeg_compression,logit_combined,0.1,88.91000151634216,0.3399968147277832
jpeg_compression,cbc_logit_bias,0.1,88.76000046730042,0.48999786376953125
jpeg_compression,cbc_logit_residual,0.1,89.49000239372253,-0.2400040626525879
jpeg_compression,cbc_logit_combined,0.1,88.91000151634216,0.3399968147277832
jpeg_compression,feature_center_shift,0.2,89.34999704360962,-0.09999871253967285
jpeg_compression,feature_shape_distortion,0.2,88.22000026702881,1.0299980640411377
jpeg_compression,feature_combined,0.2,88.35999965667725,0.8899986743927002
jpeg_compression,cbc_feature_center_shift,0.2,88.06999921798706,1.1799991130828857
jpeg_compression,cbc_feature_shape_distortion,0.2,89.60999846458435,-0.3600001335144043
jpeg_compression,cbc_feature_combined,0.2,88.35999965667725,0.8899986743927002
jpeg_compression,logit_bias,0.2,89.34999704360962,-0.09999871253967285
jpeg_compression,logit_residual,0.2,88.22000026702881,1.0299980640411377
jpeg_compression,logit_combined,0.2,88.35999965667725,0.8899986743927002
jpeg_compression,cbc_logit_bias,0.2,88.06999921798706,1.1799991130828857
jpeg_compression,cbc_logit_residual,0.2,89.60999846458435,-0.3600001335144043
jpeg_compression,cbc_logit_combined,0.2,88.35999965667725,0.8899986743927002
jpeg_compression,feature_center_shift,0.3,89.38000202178955,-0.1300036907196045
jpeg_compression,feature_shape_distortion,0.3,87.27999925613403,1.969999074935913
jpeg_compression,feature_combined,0.3,87.52999901771545,1.7199993133544922
jpeg_compression,cbc_feature_center_shift,0.3,87.30999827384949,1.940000057220459
jpeg_compression,cbc_feature_shape_distortion,0.3,89.70999717712402,-0.45999884605407715
jpeg_compression,cbc_feature_combined,0.3,87.52999901771545,1.7199993133544922
jpeg_compression,logit_bias,0.3,89.38000202178955,-0.1300036907196045
jpeg_compression,logit_residual,0.3,87.27999925613403,1.969999074935913
jpeg_compression,logit_combined,0.3,87.52999901771545,1.7199993133544922
jpeg_compression,cbc_logit_bias,0.3,87.30999827384949,1.940000057220459
jpeg_compression,cbc_logit_residual,0.3,89.70999717712402,-0.45999884605407715
jpeg_compression,cbc_logit_combined,0.3,87.52999901771545,1.7199993133544922
jpeg_compression,feature_center_shift,0.4,89.42999839782715,-0.18000006675720215
jpeg_compression,feature_shape_distortion,0.4,85.71000099182129,3.5399973392486572
jpeg_compression,feature_combined,0.4,86.19999885559082,3.049999475479126
jpeg_compression,cbc_feature_center_shift,0.4,86.4799976348877,2.770000696182251
jpeg_compression,cbc_feature_shape_distortion,0.4,89.67000246047974,-0.42000412940979004
jpeg_compression,cbc_feature_combined,0.4,86.19999885559082,3.049999475479126
jpeg_compression,logit_bias,0.4,89.42999839782715,-0.18000006675720215
jpeg_compression,logit_residual,0.4,85.71000099182129,3.5399973392486572
jpeg_compression,logit_combined,0.4,86.21000051498413,3.0399978160858154
jpeg_compression,cbc_logit_bias,0.4,86.4799976348877,2.770000696182251
jpeg_compression,cbc_logit_residual,0.4,89.67000246047974,-0.42000412940979004
jpeg_compression,cbc_logit_combined,0.4,86.21000051498413,3.0399978160858154
jpeg_compression,feature_center_shift,0.5,89.4599974155426,-0.20999908447265625
jpeg_compression,feature_shape_distortion,0.5,83.63999724388123,5.610001087188721
jpeg_compression,feature_combined,0.5,84.32000279426575,4.929995536804199
jpeg_compression,cbc_feature_center_shift,0.5,85.83999872207642,3.4099996089935303
jpeg_compression,cbc_feature_shape_distortion,0.5,89.19000029563904,0.0599980354309082
jpeg_compression,cbc_feature_combined,0.5,84.32000279426575,4.929995536804199
jpeg_compression,logit_bias,0.5,89.4599974155426,-0.20999908447265625
jpeg_compression,logit_residual,0.5,83.63999724388123,5.610001087188721
jpeg_compression,logit_combined,0.5,84.32000279426575,4.929995536804199
jpeg_compression,cbc_logit_bias,0.5,85.83999872207642,3.4099996089935303
jpeg_compression,cbc_logit_residual,0.5,89.19000029563904,0.0599980354309082
jpeg_compression,cbc_logit_combined,0.5,84.32000279426575,4.929995536804199
jpeg_compression,feature_center_shift,0.6,89.56000208854675,-0.31000375747680664
jpeg_compression,feature_shape_distortion,0.6,80.62000274658203,8.629995584487915
jpeg_compression,feature_combined,0.6,81.70999884605408,7.539999485015869
jpeg_compression,cbc_feature_center_shift,0.6,84.86999869346619,4.37999963760376
jpeg_compression,cbc_feature_shape_distortion,0.6,87.94999718666077,1.3000011444091797
jpeg_compression,cbc_feature_combined,0.6,81.70999884605408,7.539999485015869
jpeg_compression,logit_bias,0.6,89.56000208854675,-0.31000375747680664
jpeg_compression,logit_residual,0.6,80.62000274658203,8.629995584487915
jpeg_compression,logit_combined,0.6,81.70999884605408,7.539999485015869
jpeg_compression,cbc_logit_bias,0.6,84.86999869346619,4.37999963760376
jpeg_compression,cbc_logit_residual,0.6,87.94999718666077,1.3000011444091797
jpeg_compression,cbc_logit_combined,0.6,81.70999884605408,7.539999485015869
jpeg_compression,feature_center_shift,0.7,89.67999815940857,-0.42999982833862305
jpeg_compression,feature_shape_distortion,0.7,75.97000002861023,13.279998302459717
jpeg_compression,feature_combined,0.7,77.16000080108643,12.08999752998352
jpeg_compression,cbc_feature_center_shift,0.7,83.9900016784668,5.259996652603149
jpeg_compression,cbc_feature_shape_distortion,0.7,85.5400025844574,3.709995746612549
jpeg_compression,cbc_feature_combined,0.7,77.16000080108643,12.08999752998352
jpeg_compression,logit_bias,0.7,89.67999815940857,-0.42999982833862305
jpeg_compression,logit_residual,0.7,75.97000002861023,13.279998302459717
jpeg_compression,logit_combined,0.7,77.16000080108643,12.08999752998352
jpeg_compression,cbc_logit_bias,0.7,83.9900016784668,5.259996652603149
jpeg_compression,cbc_logit_residual,0.7,85.5400025844574,3.709995746612549
jpeg_compression,cbc_logit_combined,0.7,77.16000080108643,12.08999752998352
jpeg_compression,feature_center_shift,0.8,89.68999981880188,-0.4400014877319336
jpeg_compression,feature_shape_distortion,0.8,70.01000046730042,19.23999786376953
jpeg_compression,feature_combined,0.8,71.42999768257141,17.820000648498535
jpeg_compression,cbc_feature_center_shift,0.8,83.03999900817871,6.209999322891235
jpeg_compression,cbc_feature_shape_distortion,0.8,80.57000041007996,8.67999792098999
jpeg_compression,cbc_feature_combined,0.8,71.42999768257141,17.820000648498535
jpeg_compression,logit_bias,0.8,89.68999981880188,-0.4400014877319336
jpeg_compression,logit_residual,0.8,70.01000046730042,19.23999786376953
jpeg_compression,logit_combined,0.8,71.42999768257141,17.820000648498535
jpeg_compression,cbc_logit_bias,0.8,83.03999900817871,6.209999322891235
jpeg_compression,cbc_logit_residual,0.8,80.57000041007996,8.67999792098999
jpeg_compression,cbc_logit_combined,0.8,71.42999768257141,17.820000648498535
jpeg_compression,feature_center_shift,0.9,89.66000080108643,-0.4100024700164795
jpeg_compression,feature_shape_distortion,0.9,63.40000033378601,25.849997997283936
jpeg_compression,feature_combined,0.9,64.20999765396118,25.040000677108765
jpeg_compression,cbc_feature_center_shift,0.9,82.05999732017517,7.190001010894775
jpeg_compression,cbc_feature_shape_distortion,0.9,72.57999777793884,16.670000553131104
jpeg_compression,cbc_feature_combined,0.9,64.20999765396118,25.040000677108765
jpeg_compression,logit_bias,0.9,89.66000080108643,-0.4100024700164795
jpeg_compression,logit_residual,0.9,63.40000033378601,25.849997997283936
jpeg_compression,logit_combined,0.9,64.20999765396118,25.040000677108765
jpeg_compression,cbc_logit_bias,0.9,82.05999732017517,7.190001010894775
jpeg_compression,cbc_logit_residual,0.9,72.57999777793884,16.670000553131104
jpeg_compression,cbc_logit_combined,0.9,64.20999765396118,25.040000677108765
jpeg_compression,feature_center_shift,1.0,89.62000012397766,-0.37000179290771484
jpeg_compression,feature_shape_distortion,1.0,55.90999722480774,33.34000110626221
jpeg_compression,feature_combined,1.0,56.129997968673706,33.12000036239624
jpeg_compression,cbc_feature_center_shift,1.0,81.15000128746033,8.09999704360962
jpeg_compression,cbc_feature_shape_distortion,1.0,62.699997425079346,26.5500009059906
jpeg_compression,cbc_feature_combined,1.0,56.129997968673706,33.12000036239624
jpeg_compression,logit_bias,1.0,89.62000012397766,-0.37000179290771484
jpeg_compression,logit_residual,1.0,55.90999722480774,33.34000110626221
jpeg_compression,logit_combined,1.0,56.129997968673706,33.12000036239624
jpeg_compression,cbc_logit_bias,1.0,81.15000128746033,8.09999704360962
jpeg_compression,cbc_logit_residual,1.0,62.699997425079346,26.5500009059906
jpeg_compression,cbc_logit_combined,1.0,56.129997968673706,33.12000036239624
motion_blur,feature_center_shift,0.0,89.24999833106995,0.0
motion_blur,feature_shape_distortion,0.0,89.24999833106995,0.0
motion_blur,feature_combined,0.0,89.24999833106995,0.0
motion_blur,cbc_feature_center_shift,0.0,89.24999833106995,0.0
motion_blur,cbc_feature_shape_distortion,0.0,89.24999833106995,0.0
motion_blur,cbc_feature_combined,0.0,89.24999833106995,0.0
motion_blur,logit_bias,0.0,89.24999833106995,0.0
motion_blur,logit_residual,0.0,89.24999833106995,0.0
motion_blur,logit_combined,0.0,89.24999833106995,0.0
motion_blur,cbc_logit_bias,0.0,89.24999833106995,0.0
motion_blur,cbc_logit_residual,0.0,89.24999833106995,0.0
motion_blur,cbc_logit_combined,0.0,89.24999833106995,0.0
motion_blur,feature_center_shift,0.1,89.28999900817871,-0.04000067710876465
motion_blur,feature_shape_distortion,0.1,88.81000280380249,0.43999552726745605
motion_blur,feature_combined,0.1,88.91000151634216,0.3399968147277832
motion_blur,cbc_feature_center_shift,0.1,88.76000046730042,0.48999786376953125
motion_blur,cbc_feature_shape_distortion,0.1,89.42000269889832,-0.17000436782836914
motion_blur,cbc_feature_combined,0.1,88.91000151634216,0.3399968147277832
motion_blur,logit_bias,0.1,89.28999900817871,-0.04000067710876465
motion_blur,logit_residual,0.1,88.81000280380249,0.43999552726745605
motion_blur,logit_combined,0.1,88.91000151634216,0.3399968147277832
motion_blur,cbc_logit_bias,0.1,88.76000046730042,0.48999786376953125
motion_blur,cbc_logit_residual,0.1,89.42000269889832,-0.17000436782836914
motion_blur,cbc_logit_combined,0.1,88.91000151634216,0.3399968147277832
motion_blur,feature_center_shift,0.2,89.34999704360962,-0.09999871253967285
motion_blur,feature_shape_distortion,0.2,88.47000002861023,0.7799983024597168
motion_blur,feature_combined,0.2,88.55000138282776,0.6999969482421875
motion_blur,cbc_feature_center_shift,0.2,88.06999921798706,1.1799991130828857
motion_blur,cbc_feature_shape_distortion,0.2,89.88999724388123,-0.6399989128112793
motion_blur,cbc_feature_combined,0.2,88.55000138282776,0.6999969482421875
motion_blur,logit_bias,0.2,89.34999704360962,-0.09999871253967285
motion_blur,logit_residual,0.2,88.47000002861023,0.7799983024597168
motion_blur,logit_combined,0.2,88.55000138282776,0.6999969482421875
motion_blur,cbc_logit_bias,0.2,88.06999921798706,1.1799991130828857
motion_blur,cbc_logit_residual,0.2,89.88999724388123,-0.6399989128112793
motion_blur,cbc_logit_combined,0.2,88.55000138282776,0.6999969482421875
motion_blur,feature_center_shift,0.3,89.42000269889832,-0.17000436782836914
motion_blur,feature_shape_distortion,0.3,87.65000104904175,1.5999972820281982
motion_blur,feature_combined,0.3,87.95999884605408,1.2899994850158691
motion_blur,cbc_feature_center_shift,0.3,87.33999729156494,1.9100010395050049
motion_blur,cbc_feature_shape_distortion,0.3,90.1199996471405,-0.8700013160705566
motion_blur,cbc_feature_combined,0.3,87.95999884605408,1.2899994850158691
motion_blur,logit_bias,0.3,89.42000269889832,-0.17000436782836914
motion_blur,logit_residual,0.3,87.65000104904175,1.5999972820281982
motion_blur,logit_combined,0.3,87.95999884605408,1.2899994850158691
motion_blur,cbc_logit_bias,0.3,87.33999729156494,1.9100010395050049
motion_blur,cbc_logit_residual,0.3,90.1199996471405,-0.8700013160705566
motion_blur,cbc_logit_combined,0.3,87.95999884605408,1.2899994850158691
motion_blur,feature_center_shift,0.4,89.48000073432922,-0.23000240325927734
motion_blur,feature_shape_distortion,0.4,86.61999702453613,2.6300013065338135
motion_blur,feature_combined,0.4,86.91999912261963,2.3299992084503174
motion_blur,cbc_feature_center_shift,0.4,86.44000291824341,2.809995412826538
motion_blur,cbc_feature_shape_distortion,0.4,89.99000191688538,-0.7400035858154297
motion_blur,cbc_feature_combined,0.4,86.91999912261963,2.3299992084503174
motion_blur,logit_bias,0.4,89.48000073432922,-0.23000240325927734
motion_blur,logit_residual,0.4,86.61999702453613,2.6300013065338135
motion_blur,logit_combined,0.4,86.91999912261963,2.3299992084503174
motion_blur,cbc_logit_bias,0.4,86.44000291824341,2.809995412826538
motion_blur,cbc_logit_residual,0.4,89.99000191688538,-0.7400035858154297
motion_blur,cbc_logit_combined,0.4,86.91999912261963,2.3299992084503174
motion_blur,feature_center_shift,0.5,89.56999778747559,-0.31999945640563965
motion_blur,feature_shape_distortion,0.5,84.99000072479248,4.259997606277466
motion_blur,feature_combined,0.5,85.31000018119812,3.939998149871826
motion_blur,cbc_feature_center_shift,0.5,85.74000000953674,3.509998321533203
motion_blur,cbc_feature_shape_distortion,0.5,89.63000178337097,-0.3800034523010254
motion_blur,cbc_feature_combined,0.5,85.31000018119812,3.939998149871826
motion_blur,logit_bias,0.5,89.56999778747559,-0.31999945640563965
motion_blur,logit_residual,0.5,84.99000072479248,4.259997606277466
motion_blur,logit_combined,0.5,85.31000018119812,3.939998149871826
motion_blur,cbc_logit_bias,0.5,85.74000000953674,3.509998321533203
motion_blur,cbc_logit_residual,0.5,89.63000178337097,-0.3800034523010254
motion_blur,cbc_logit_combined,0.5,85.31000018119812,3.939998149871826
motion_blur,feature_center_shift,0.6,89.64999914169312,-0.40000081062316895
motion_blur,feature_shape_distortion,0.6,82.40000009536743,6.849998235702515
motion_blur,feature_combined,0.6,82.76000022888184,6.48999810218811
motion_blur,cbc_feature_center_shift,0.6,84.85000133514404,4.399996995925903
motion_blur,cbc_feature_shape_distortion,0.6,88.70999813079834,0.5400002002716064
motion_blur,cbc_feature_combined,0.6,82.76000022888184,6.48999810218811
motion_blur,logit_bias,0.6,89.64999914169312,-0.40000081062316895
motion_blur,logit_residual,0.6,82.40000009536743,6.849998235702515
motion_blur,logit_combined,0.6,82.76000022888184,6.48999810218811
motion_blur,cbc_logit_bias,0.6,84.85000133514404,4.399996995925903
motion_blur,cbc_logit_residual,0.6,88.70999813079834,0.5400002002716064
motion_blur,cbc_logit_combined,0.6,82.76000022888184,6.48999810218811
motion_blur,feature_center_shift,0.7,89.7599995136261,-0.5100011825561523
motion_blur,feature_shape_distortion,0.7,78.92000079154968,10.329997539520264
motion_blur,feature_combined,0.7,79.55999970436096,9.689998626708984
motion_blur,cbc_feature_center_shift,0.7,83.91000032424927,5.339998006820679
motion_blur,cbc_feature_shape_distortion,0.7,86.72999739646912,2.52000093460083
motion_blur,cbc_feature_combined,0.7,79.55999970436096,9.689998626708984
motion_blur,logit_bias,0.7,89.7599995136261,-0.5100011825561523
motion_blur,logit_residual,0.7,78.92000079154968,10.329997539520264
motion_blur,logit_combined,0.7,79.55999970436096,9.689998626708984
motion_blur,cbc_logit_bias,0.7,83.91000032424927,5.339998006820679
motion_blur,cbc_logit_residual,0.7,86.72999739646912,2.52000093460083
motion_blur,cbc_logit_combined,0.7,79.55999970436096,9.689998626708984
motion_blur,feature_center_shift,0.8,89.77000117301941,-0.5200028419494629
motion_blur,feature_shape_distortion,0.8,74.5199978351593,14.730000495910645
motion_blur,feature_combined,0.8,75.51000118255615,13.739997148513794
motion_blur,cbc_feature_center_shift,0.8,82.95999765396118,6.290000677108765
motion_blur,cbc_feature_shape_distortion,0.8,83.3299994468689,5.91999888420105
motion_blur,cbc_feature_combined,0.8,75.51000118255615,13.739997148513794
motion_blur,logit_bias,0.8,89.77000117301941,-0.5200028419494629
motion_blur,logit_residual,0.8,74.5199978351593,14.730000495910645
motion_blur,logit_combined,0.8,75.51000118255615,13.739997148513794
motion_blur,cbc_logit_bias,0.8,82.95999765396118,6.290000677108765
motion_blur,cbc_logit_residual,0.8,83.3299994468689,5.91999888420105
motion_blur,cbc_logit_combined,0.8,75.51000118255615,13.739997148513794
motion_blur,feature_center_shift,0.9,89.78000283241272,-0.5300045013427734
motion_blur,feature_shape_distortion,0.9,69.80999708175659,19.440001249313354
motion_blur,feature_combined,0.9,70.74000239372253,18.509995937347412
motion_blur,cbc_feature_center_shift,0.9,81.97000026702881,7.279998064041138
motion_blur,cbc_feature_shape_distortion,0.9,78.329998254776,10.920000076293945
motion_blur,cbc_feature_combined,0.9,70.74000239372253,18.509995937347412
motion_blur,logit_bias,0.9,89.78000283241272,-0.5300045013427734
motion_blur,logit_residual,0.9,69.80999708175659,19.440001249313354
motion_blur,logit_combined,0.9,70.74000239372253,18.509995937347412
motion_blur,cbc_logit_bias,0.9,81.97000026702881,7.279998064041138
motion_blur,cbc_logit_residual,0.9,78.329998254776,10.920000076293945
motion_blur,cbc_logit_combined,0.9,70.74000239372253,18.509995937347412
motion_blur,feature_center_shift,1.0,89.819997549057,-0.5699992179870605
motion_blur,feature_shape_distortion,1.0,65.32999873161316,23.919999599456787
motion_blur,feature_combined,1.0,65.86999893188477,23.37999939918518
motion_blur,cbc_feature_center_shift,1.0,80.9000015258789,8.34999680519104
motion_blur,cbc_feature_shape_distortion,1.0,72.8600025177002,16.38999581336975
motion_blur,cbc_feature_combined,1.0,65.86999893188477,23.37999939918518
motion_blur,logit_bias,1.0,89.819997549057,-0.5699992179870605
motion_blur,logit_residual,1.0,65.32999873161316,23.919999599456787
motion_blur,logit_combined,1.0,65.86999893188477,23.37999939918518
motion_blur,cbc_logit_bias,1.0,80.9000015258789,8.34999680519104
motion_blur,cbc_logit_residual,1.0,72.8600025177002,16.38999581336975
motion_blur,cbc_logit_combined,1.0,65.86999893188477,23.37999939918518
pixelate,feature_center_shift,0.0,89.24999833106995,0.0
pixelate,feature_shape_distortion,0.0,89.24999833106995,0.0
pixelate,feature_combined,0.0,89.24999833106995,0.0
pixelate,cbc_feature_center_shift,0.0,89.24999833106995,0.0
pixelate,cbc_feature_shape_distortion,0.0,89.24999833106995,0.0
pixelate,cbc_feature_combined,0.0,89.24999833106995,0.0
pixelate,logit_bias,0.0,89.24999833106995,0.0
pixelate,logit_residual,0.0,89.24999833106995,0.0
pixelate,logit_combined,0.0,89.24999833106995,0.0
pixelate,cbc_logit_bias,0.0,89.24999833106995,0.0
pixelate,cbc_logit_residual,0.0,89.24999833106995,0.0
pixelate,cbc_logit_combined,0.0,89.24999833106995,0.0
pixelate,feature_center_shift,0.1,89.31000232696533,-0.06000399589538574
pixelate,feature_shape_distortion,0.1,88.84000182151794,0.40999650955200195
pixelate,feature_combined,0.1,88.88999819755554,0.3600001335144043
pixelate,cbc_feature_center_shift,0.1,88.77000212669373,0.4799962043762207
pixelate,cbc_feature_shape_distortion,0.1,89.34999704360962,-0.09999871253967285
pixelate,cbc_feature_combined,0.1,88.88999819755554,0.3600001335144043
pixelate,logit_bias,0.1,89.31000232696533,-0.06000399589538574
pixelate,logit_residual,0.1,88.84000182151794,0.40999650955200195
pixelate,logit_combined,0.1,88.88999819755554,0.3600001335144043
pixelate,cbc_logit_bias,0.1,88.77000212669373,0.4799962043762207
pixelate,cbc_logit_residual,0.1,89.34999704360962,-0.09999871253967285
pixelate,cbc_logit_combined,0.1,88.88999819755554,0.3600001335144043
pixelate,feature_center_shift,0.2,89.4599974155426,-0.20999908447265625
pixelate,feature_shape_distortion,0.2,88.09000253677368,1.1599957942962646
pixelate,feature_combined,0.2,88.44000101089478,0.8099973201751709
pixelate,cbc_feature_center_shift,0.2,88.27999830245972,0.9700000286102295
pixelate,cbc_feature_shape_distortion,0.2,89.5799994468689,-0.3300011157989502
pixelate,cbc_feature_combined,0.2,88.44000101089478,0.8099973201751709
pixelate,logit_bias,0.2,89.4599974155426,-0.20999908447265625
pixelate,logit_residual,0.2,88.09000253677368,1.1599957942962646
pixelate,logit_combined,0.2,88.44000101089478,0.8099973201751709
pixelate,cbc_logit_bias,0.2,88.27999830245972,0.9700000286102295
pixelate,cbc_logit_residual,0.2,89.5799994468689,-0.3300011157989502
pixelate,cbc_logit_combined,0.2,88.44000101089478,0.8099973201751709
pixelate,feature_center_shift,0.3,89.56999778747559,-0.31999945640563965
pixelate,feature_shape_distortion,0.3,87.1500015258789,2.09999680519104
pixelate,feature_combined,0.3,87.58999705314636,1.660001277923584
pixelate,cbc_feature_center_shift,0.3,87.6200020313263,1.6299962997436523
pixelate,cbc_feature_shape_distortion,0.3,89.63000178337097,-0.3800034523010254
pixelate,cbc_feature_combined,0.3,87.58999705314636,1.660001277923584
pixelate,logit_bias,0.3,89.56999778747559,-0.31999945640563965
pixelate,logit_residual,0.3,87.1500015258789,2.09999680519104
pixelate,logit_combined,0.3,87.58999705314636,1.660001277923584
pixelate,cbc_logit_bias,0.3,87.6200020313263,1.6299962997436523
pixelate,cbc_logit_residual,0.3,89.63000178337097,-0.3800034523010254
pixelate,cbc_logit_combined,0.3,87.58999705314636,1.660001277923584
pixelate,feature_center_shift,0.4,89.64999914169312,-0.40000081062316895
pixelate,feature_shape_distortion,0.4,85.55999994277954,3.6899983882904053
pixelate,feature_combined,0.4,86.46000027656555,2.7899980545043945
pixelate,cbc_feature_center_shift,0.4,86.97999715805054,2.270001173019409
pixelate,cbc_feature_shape_distortion,0.4,89.5799994468689,-0.3300011157989502
pixelate,cbc_feature_combined,0.4,86.46000027656555,2.7899980545043945
pixelate,logit_bias,0.4,89.64999914169312,-0.40000081062316895
pixelate,logit_residual,0.4,85.55999994277954,3.6899983882904053
pixelate,logit_combined,0.4,86.46000027656555,2.7899980545043945
pixelate,cbc_logit_bias,0.4,86.97999715805054,2.270001173019409
pixelate,cbc_logit_residual,0.4,89.5799994468689,-0.3300011157989502
pixelate,cbc_logit_combined,0.4,86.46000027656555,2.7899980545043945
pixelate,feature_center_shift,0.5,89.63000178337097,-0.3800034523010254
pixelate,feature_shape_distortion,0.5,83.06999802589417,6.180000305175781
pixelate,feature_combined,0.5,84.56000089645386,4.689997434616089
pixelate,cbc_feature_center_shift,0.5,86.23999953269958,3.0099987983703613
pixelate,cbc_feature_shape_distortion,0.5,89.52000141143799,-0.270003080368042
pixelate,cbc_feature_combined,0.5,84.56000089645386,4.689997434616089
pixelate,logit_bias,0.5,89.63000178337097,-0.3800034523010254
pixelate,logit_residual,0.5,83.06999802589417,6.180000305175781
pixelate,logit_combined,0.5,84.56000089645386,4.689997434616089
pixelate,cbc_logit_bias,0.5,86.23999953269958,3.0099987983703613
pixelate,cbc_logit_residual,0.5,89.52000141143799,-0.270003080368042
pixelate,cbc_logit_combined,0.5,84.56000089645386,4.689997434616089
pixelate,feature_center_shift,0.6,89.45000171661377,-0.20000338554382324
pixelate,feature_shape_distortion,0.6,79.22000288963318,10.029995441436768
pixelate,feature_combined,0.6,81.12000226974487,8.129996061325073
pixelate,cbc_feature_center_shift,0.6,85.43000221252441,3.8199961185455322
pixelate,cbc_feature_shape_distortion,0.6,88.80000114440918,0.4499971866607666
pixelate,cbc_feature_combined,0.6,81.12000226974487,8.129996061325073
pixelate,logit_bias,0.6,89.45000171661377,-0.20000338554382324
pixelate,logit_residual,0.6,79.22000288963318,10.029995441436768
pixelate,logit_combined,0.6,81.12000226974487,8.129996061325073
pixelate,cbc_logit_bias,0.6,85.43000221252441,3.8199961185455322
pixelate,cbc_logit_residual,0.6,88.80000114440918,0.4499971866607666
pixelate,cbc_logit_combined,0.6,81.12000226974487,8.129996061325073
pixelate,feature_center_shift,0.7,89.38000202178955,-0.1300036907196045
pixelate,feature_shape_distortion,0.7,73.79000186920166,15.459996461868286
pixelate,feature_combined,0.7,75.26000142097473,13.989996910095215
pixelate,cbc_feature_center_shift,0.7,84.7000002861023,4.549998044967651
pixelate,cbc_feature_shape_distortion,0.7,86.37999892234802,2.869999408721924
pixelate,cbc_feature_combined,0.7,75.26000142097473,13.989996910095215
pixelate,logit_bias,0.7,89.38000202178955,-0.1300036907196045
pixelate,logit_residual,0.7,73.79000186920166,15.459996461868286
pixelate,logit_combined,0.7,75.26000142097473,13.989996910095215
pixelate,cbc_logit_bias,0.7,84.7000002861023,4.549998044967651
pixelate,cbc_logit_residual,0.7,86.37999892234802,2.869999408721924
pixelate,cbc_logit_combined,0.7,75.26000142097473,13.989996910095215
pixelate,feature_center_shift,0.8,89.24999833106995,0.0
pixelate,feature_shape_distortion,0.8,66.54999852180481,22.699999809265137
pixelate,feature_combined,0.8,66.99000000953674,22.259998321533203
pixelate,cbc_feature_center_shift,0.8,83.9900016784668,5.259996652603149
pixelate,cbc_feature_shape_distortion,0.8,81.19999766349792,8.050000667572021
pixelate,cbc_feature_combined,0.8,66.99000000953674,22.259998321533203
pixelate,logit_bias,0.8,89.24999833106995,0.0
pixelate,logit_residual,0.8,66.54999852180481,22.699999809265137
pixelate,logit_combined,0.8,66.99000000953674,22.259998321533203
pixelate,cbc_logit_bias,0.8,83.9900016784668,5.259996652603149
pixelate,cbc_logit_residual,0.8,81.19999766349792,8.050000667572021
pixelate,cbc_logit_combined,0.8,66.99000000953674,22.259998321533203
pixelate,feature_center_shift,0.9,89.09000158309937,0.15999674797058105
pixelate,feature_shape_distortion,0.9,58.60999822616577,30.640000104904175
pixelate,feature_combined,0.9,57.520002126693726,31.72999620437622
pixelate,cbc_feature_center_shift,0.9,83.1499993801117,6.099998950958252
pixelate,cbc_feature_shape_distortion,0.9,70.75999975204468,18.48999857902527
pixelate,cbc_feature_combined,0.9,57.520002126693726,31.72999620437622
pixelate,logit_bias,0.9,89.09000158309937,0.15999674797058105
pixelate,logit_residual,0.9,58.60999822616577,30.640000104904175
pixelate,logit_combined,0.9,57.520002126693726,31.72999620437622
pixelate,cbc_logit_bias,0.9,83.1499993801117,6.099998950958252
pixelate,cbc_logit_residual,0.9,70.75999975204468,18.48999857902527
pixelate,cbc_logit_combined,0.9,57.520002126693726,31.72999620437622
pixelate,feature_center_shift,1.0,89.02000188827515,0.2299964427947998
pixelate,feature_shape_distortion,1.0,49.57999885082245,39.6699994802475
pixelate,feature_combined,1.0,48.4499990940094,40.79999923706055
pixelate,cbc_feature_center_shift,1.0,82.40000009536743,6.849998235702515
pixelate,cbc_feature_shape_distortion,1.0,57.45000243186951,31.79999589920044
pixelate,cbc_feature_combined,1.0,48.4499990940094,40.79999923706055
pixelate,logit_bias,1.0,89.02000188827515,0.2299964427947998
pixelate,logit_residual,1.0,49.57999885082245,39.6699994802475
pixelate,logit_combined,1.0,48.4499990940094,40.79999923706055
pixelate,cbc_logit_bias,1.0,82.40000009536743,6.849998235702515
pixelate,cbc_logit_residual,1.0,57.45000243186951,31.79999589920044
pixelate,cbc_logit_combined,1.0,48.4499990940094,40.79999923706055
shot_noise,feature_center_shift,0.0,89.24999833106995,0.0
shot_noise,feature_shape_distortion,0.0,89.24999833106995,0.0
shot_noise,feature_combined,0.0,89.24999833106995,0.0
shot_noise,cbc_feature_center_shift,0.0,89.24999833106995,0.0
shot_noise,cbc_feature_shape_distortion,0.0,89.24999833106995,0.0
shot_noise,cbc_feature_combined,0.0,89.24999833106995,0.0
shot_noise,logit_bias,0.0,89.24999833106995,0.0
shot_noise,logit_residual,0.0,89.24999833106995,0.0
shot_noise,logit_combined,0.0,89.24999833106995,0.0
shot_noise,cbc_logit_bias,0.0,89.24999833106995,0.0
shot_noise,cbc_logit_residual,0.0,89.24999833106995,0.0
shot_noise,cbc_logit_combined,0.0,89.24999833106995,0.0
shot_noise,feature_center_shift,0.1,89.30000066757202,-0.050002336502075195
shot_noise,feature_shape_distortion,0.1,88.83000016212463,0.4199981689453125
shot_noise,feature_combined,0.1,88.84999752044678,0.40000081062316895
shot_noise,cbc_feature_center_shift,0.1,88.6900007724762,0.55999755859375
shot_noise,cbc_feature_shape_distortion,0.1,89.4599974155426,-0.20999908447265625
shot_noise,cbc_feature_combined,0.1,88.84999752044678,0.40000081062316895
shot_noise,logit_bias,0.1,89.30000066757202,-0.050002336502075195
shot_noise,logit_residual,0.1,88.83000016212463,0.4199981689453125
shot_noise,logit_combined,0.1,88.84999752044678,0.40000081062316895
shot_noise,cbc_logit_bias,0.1,88.6900007724762,0.55999755859375
shot_noise,cbc_logit_residual,0.1,89.4599974155426,-0.20999908447265625
shot_noise,cbc_logit_combined,0.1,88.84999752044678,0.40000081062316895
shot_noise,feature_center_shift,0.2,89.34000134468079,-0.09000301361083984
shot_noise,feature_shape_distortion,0.2,88.24999928474426,0.9999990463256836
shot_noise,feature_combined,0.2,88.33000063896179,0.9199976921081543
shot_noise,cbc_feature_center_shift,0.2,88.05000185966492,1.1999964714050293
shot_noise,cbc_feature_shape_distortion,0.2,89.73000049591064,-0.48000216484069824
shot_noise,cbc_feature_combined,0.2,88.33000063896179,0.9199976921081543
shot_noise,logit_bias,0.2,89.34000134468079,-0.09000301361083984
shot_noise,logit_residual,0.2,88.24999928474426,0.9999990463256836
shot_noise,logit_combined,0.2,88.33000063896179,0.9199976921081543
shot_noise,cbc_logit_bias,0.2,88.05000185966492,1.1999964714050293
shot_noise,cbc_logit_residual,0.2,89.73000049591064,-0.48000216484069824
shot_noise,cbc_logit_combined,0.2,88.33000063896179,0.9199976921081543
shot_noise,feature_center_shift,0.3,89.32999968528748,-0.0800013542175293
shot_noise,feature_shape_distortion,0.3,87.47000098228455,1.7799973487854004
shot_noise,feature_combined,0.3,87.45999932289124,1.789999008178711
shot_noise,cbc_feature_center_shift,0.3,87.08999752998352,2.160000801086426
shot_noise,cbc_feature_shape_distortion,0.3,89.99999761581421,-0.7499992847442627
shot_noise,cbc_feature_combined,0.3,87.45999932289124,1.789999008178711
shot_noise,logit_bias,0.3,89.32999968528748,-0.0800013542175293
shot_noise,logit_residual,0.3,87.47000098228455,1.7799973487854004
shot_noise,logit_combined,0.3,87.45999932289124,1.789999008178711
shot_noise,cbc_logit_bias,0.3,87.08999752998352,2.160000801086426
shot_noise,cbc_logit_residual,0.3,89.99999761581421,-0.7499992847442627
shot_noise,cbc_logit_combined,0.3,87.45999932289124,1.789999008178711
shot_noise,feature_center_shift,0.4,89.34000134468079,-0.09000301361083984
shot_noise,feature_shape_distortion,0.4,86.01999878883362,3.229999542236328
shot_noise,feature_combined,0.4,85.75999736785889,3.4900009632110596
shot_noise,cbc_feature_center_shift,0.4,86.51999831199646,2.7300000190734863
shot_noise,cbc_feature_shape_distortion,0.4,90.13000130653381,-0.8800029754638672
shot_noise,cbc_feature_combined,0.4,85.75999736785889,3.4900009632110596
shot_noise,logit_bias,0.4,89.34000134468079,-0.09000301361083984
shot_noise,logit_residual,0.4,86.01999878883362,3.229999542236328
shot_noise,logit_combined,0.4,85.75999736785889,3.4900009632110596
shot_noise,cbc_logit_bias,0.4,86.51999831199646,2.7300000190734863
shot_noise,cbc_logit_residual,0.4,90.13000130653381,-0.8800029754638672
shot_noise,cbc_logit_combined,0.4,85.75999736785889,3.4900009632110596
shot_noise,feature_center_shift,0.5,89.44000005722046,-0.1900017261505127
shot_noise,feature_shape_distortion,0.5,83.37000012397766,5.879998207092285
shot_noise,feature_combined,0.5,82.81999826431274,6.430000066757202
shot_noise,cbc_feature_center_shift,0.5,85.47000288963318,3.7799954414367676
shot_noise,cbc_feature_shape_distortion,0.5,89.77000117301941,-0.5200028419494629
shot_noise,cbc_feature_combined,0.5,82.81999826431274,6.430000066757202
shot_noise,logit_bias,0.5,89.44000005722046,-0.1900017261505127
shot_noise,logit_residual,0.5,83.37000012397766,5.879998207092285
shot_noise,logit_combined,0.5,82.81999826431274,6.430000066757202
shot_noise,cbc_logit_bias,0.5,85.47000288963318,3.7799954414367676
shot_noise,cbc_logit_residual,0.5,89.77000117301941,-0.5200028419494629
shot_noise,cbc_logit_combined,0.5,82.81999826431274,6.430000066757202
shot_noise,feature_center_shift,0.6,89.34999704360962,-0.09999871253967285
shot_noise,feature_shape_distortion,0.6,79.5199990272522,9.729999303817749
shot_noise,feature_combined,0.6,78.20000052452087,11.049997806549072
shot_noise,cbc_feature_center_shift,0.6,84.57000255584717,4.679995775222778
shot_noise,cbc_feature_shape_distortion,0.6,88.8700008392334,0.37999749183654785
shot_noise,cbc_feature_combined,0.6,78.20000052452087,11.049997806549072
shot_noise,logit_bias,0.6,89.34999704360962,-0.09999871253967285
shot_noise,logit_residual,0.6,79.5199990272522,9.729999303817749
shot_noise,logit_combined,0.6,78.20000052452087,11.049997806549072
shot_noise,cbc_logit_bias,0.6,84.57000255584717,4.679995775222778
shot_noise,cbc_logit_residual,0.6,88.8700008392334,0.37999749183654785
shot_noise,cbc_logit_combined,0.6,78.20000052452087,11.049997806549072
shot_noise,feature_center_shift,0.7,89.31999802589417,-0.06999969482421875
shot_noise,feature_shape_distortion,0.7,72.64000177383423,16.609996557235718
shot_noise,feature_combined,0.7,71.13000154495239,18.119996786117554
shot_noise,cbc_feature_center_shift,0.7,83.53999853134155,5.7099997997283936
shot_noise,cbc_feature_shape_distortion,0.7,86.2600028514862,2.9899954795837402
shot_noise,cbc_feature_combined,0.7,71.13000154495239,18.119996786117554
shot_noise,logit_bias,0.7,89.31999802589417,-0.06999969482421875
shot_noise,logit_residual,0.7,72.64000177383423,16.609996557235718
shot_noise,logit_combined,0.7,71.13000154495239,18.119996786117554
shot_noise,cbc_logit_bias,0.7,83.53999853134155,5.7099997997283936
shot_noise,cbc_logit_residual,0.7,86.2600028514862,2.9899954795837402
shot_noise,cbc_logit_combined,0.7,71.13000154495239,18.119996786117554
shot_noise,feature_center_shift,0.8,89.25999999046326,-0.010001659393310547
shot_noise,feature_shape_distortion,0.8,63.739997148513794,25.510001182556152
shot_noise,feature_combined,0.8,61.69999837875366,27.549999952316284
shot_noise,cbc_feature_center_shift,0.8,82.4899971485138,6.760001182556152
shot_noise,cbc_feature_shape_distortion,0.8,80.239999294281,9.00999903678894
shot_noise,cbc_feature_combined,0.8,61.69999837875366,27.549999952316284
shot_noise,logit_bias,0.8,89.25999999046326,-0.010001659393310547
shot_noise,logit_residual,0.8,63.739997148513794,25.510001182556152
shot_noise,logit_combined,0.8,61.69999837875366,27.549999952316284
shot_noise,cbc_logit_bias,0.8,82.4899971485138,6.760001182556152
shot_noise,cbc_logit_residual,0.8,80.239999294281,9.00999903678894
shot_noise,cbc_logit_combined,0.8,61.69999837875366,27.549999952316284
shot_noise,feature_center_shift,0.9,89.13000226020813,0.1199960708618164
shot_noise,feature_shape_distortion,0.9,52.920001745224,36.32999658584595
shot_noise,feature_combined,0.9,50.80999732017517,38.440001010894775
shot_noise,cbc_feature_center_shift,0.9,81.4300000667572,7.819998264312744
shot_noise,cbc_feature_shape_distortion,0.9,68.18000078201294,21.069997549057007
shot_noise,cbc_feature_combined,0.9,50.80999732017517,38.440001010894775
shot_noise,logit_bias,0.9,89.13000226020813,0.1199960708618164
shot_noise,logit_residual,0.9,52.920001745224,36.32999658584595
shot_noise,logit_combined,0.9,50.80999732017517,38.440001010894775
shot_noise,cbc_logit_bias,0.9,81.4300000667572,7.819998264312744
shot_noise,cbc_logit_residual,0.9,68.18000078201294,21.069997549057007
shot_noise,cbc_logit_combined,0.9,50.80999732017517,38.440001010894775
shot_noise,feature_center_shift,1.0,88.9299988746643,0.31999945640563965
shot_noise,feature_shape_distortion,1.0,43.36999952793121,45.87999880313873
shot_noise,feature_combined,1.0,41.200000047683716,48.04999828338623
shot_noise,cbc_feature_center_shift,1.0,80.25000095367432,8.99999737739563
shot_noise,cbc_feature_shape_distortion,1.0,52.85999774932861,36.39000058174133
shot_noise,cbc_feature_combined,1.0,41.200000047683716,48.04999828338623
shot_noise,logit_bias,1.0,88.9299988746643,0.31999945640563965
shot_noise,logit_residual,1.0,43.36999952793121,45.87999880313873
shot_noise,logit_combined,1.0,41.200000047683716,48.04999828338623
shot_noise,cbc_logit_bias,1.0,80.25000095367432,8.99999737739563
shot_noise,cbc_logit_residual,1.0,52.85999774932861,36.39000058174133
shot_noise,cbc_logit_combined,1.0,41.200000047683716,48.04999828338623
snow,feature_center_shift,0.0,89.24999833106995,0.0
snow,feature_shape_distortion,0.0,89.24999833106995,0.0
snow,feature_combined,0.0,89.24999833106995,0.0
snow,cbc_feature_center_shift,0.0,89.24999833106995,0.0
snow,cbc_feature_shape_distortion,0.0,89.24999833106995,0.0
snow,cbc_feature_combined,0.0,89.24999833106995,0.0
snow,logit_bias,0.0,89.24999833106995,0.0
snow,logit_residual,0.0,89.24999833106995,0.0
snow,logit_combined,0.0,89.24999833106995,0.0
snow,cbc_logit_bias,0.0,89.24999833106995,0.0
snow,cbc_logit_residual,0.0,89.24999833106995,0.0
snow,cbc_logit_combined,0.0,89.24999833106995,0.0
snow,feature_center_shift,0.1,89.25999999046326,-0.010001659393310547
snow,feature_shape_distortion,0.1,89.13000226020813,0.1199960708618164
snow,feature_combined,0.1,89.17999863624573,0.06999969482421875
snow,cbc_feature_center_shift,0.1,88.7399971485138,0.5100011825561523
snow,cbc_feature_shape_distortion,0.1,89.67000246047974,-0.42000412940979004
snow,cbc_feature_combined,0.1,89.17999863624573,0.06999969482421875
snow,logit_bias,0.1,89.25999999046326,-0.010001659393310547
snow,logit_residual,0.1,89.13000226020813,0.1199960708618164
snow,logit_combined,0.1,89.17999863624573,0.06999969482421875
snow,cbc_logit_bias,0.1,88.7399971485138,0.5100011825561523
snow,cbc_logit_residual,0.1,89.67000246047974,-0.42000412940979004
snow,cbc_logit_combined,0.1,89.17999863624573,0.06999969482421875
snow,feature_center_shift,0.2,89.25999999046326,-0.010001659393310547
snow,feature_shape_distortion,0.2,88.84999752044678,0.40000081062316895
snow,feature_combined,0.2,89.06999826431274,0.18000006675720215
snow,cbc_feature_center_shift,0.2,88.15000057220459,1.0999977588653564
snow,cbc_feature_shape_distortion,0.2,90.13000130653381,-0.8800029754638672
snow,cbc_feature_combined,0.2,89.06999826431274,0.18000006675720215
snow,logit_bias,0.2,89.25999999046326,-0.010001659393310547
snow,logit_residual,0.2,88.84999752044678,0.40000081062316895
snow,logit_combined,0.2,89.06999826431274,0.18000006675720215
snow,cbc_logit_bias,0.2,88.15000057220459,1.0999977588653564
snow,cbc_logit_residual,0.2,90.13000130653381,-0.8800029754638672
snow,cbc_logit_combined,0.2,89.06999826431274,0.18000006675720215
snow,feature_center_shift,0.3,89.30000066757202,-0.050002336502075195
snow,feature_shape_distortion,0.3,88.20000290870667,1.0499954223632812
snow,feature_combined,0.3,88.55999708175659,0.6900012493133545
snow,cbc_feature_center_shift,0.3,87.48000264167786,1.7699956893920898
snow,cbc_feature_shape_distortion,0.3,90.47999978065491,-1.230001449584961
snow,cbc_feature_combined,0.3,88.55999708175659,0.6900012493133545
snow,logit_bias,0.3,89.30000066757202,-0.050002336502075195
snow,logit_residual,0.3,88.20000290870667,1.0499954223632812
snow,logit_combined,0.3,88.55999708175659,0.6900012493133545
snow,cbc_logit_bias,0.3,87.48000264167786,1.7699956893920898
snow,cbc_logit_residual,0.3,90.47999978065491,-1.230001449584961
snow,cbc_logit_combined,0.3,88.55999708175659,0.6900012493133545
snow,feature_center_shift,0.4,89.38999772071838,-0.1399993896484375
snow,feature_shape_distortion,0.4,87.47000098228455,1.7799973487854004
snow,feature_combined,0.4,87.87000179290771,1.3799965381622314
snow,cbc_feature_center_shift,0.4,86.72000169754028,2.529996633529663
snow,cbc_feature_shape_distortion,0.4,90.42999744415283,-1.1799991130828857
snow,cbc_feature_combined,0.4,87.87000179290771,1.3799965381622314
snow,logit_bias,0.4,89.38999772071838,-0.1399993896484375
snow,logit_residual,0.4,87.47000098228455,1.7799973487854004
snow,logit_combined,0.4,87.87000179290771,1.3799965381622314
snow,cbc_logit_bias,0.4,86.72000169754028,2.529996633529663
snow,cbc_logit_residual,0.4,90.42999744415283,-1.1799991130828857
snow,cbc_logit_combined,0.4,87.87000179290771,1.3799965381622314
snow,feature_center_shift,0.5,89.42999839782715,-0.18000006675720215
snow,feature_shape_distortion,0.5,86.40999794006348,2.8400003910064697
snow,feature_combined,0.5,87.0199978351593,2.2300004959106445
snow,cbc_feature_center_shift,0.5,85.92000007629395,3.329998254776001
snow,cbc_feature_shape_distortion,0.5,90.24999737739563,-0.9999990463256836
snow,cbc_feature_combined,0.5,87.0199978351593,2.2300004959106445
snow,logit_bias,0.5,89.42999839782715,-0.18000006675720215
snow,logit_residual,0.5,86.40999794006348,2.8400003910064697
snow,logit_combined,0.5,87.0199978351593,2.2300004959106445
snow,cbc_logit_bias,0.5,85.92000007629395,3.329998254776001
snow,cbc_logit_residual,0.5,90.24999737739563,-0.9999990463256836
snow,cbc_logit_combined,0.5,87.0199978351593,2.2300004959106445
snow,feature_center_shift,0.6,89.49999809265137,-0.2499997615814209
snow,feature_shape_distortion,0.6,84.53999757766724,4.71000075340271
snow,feature_combined,0.6,85.21999716758728,4.030001163482666
snow,cbc_feature_center_shift,0.6,85.21999716758728,4.030001163482666
snow,cbc_feature_shape_distortion,0.6,89.67000246047974,-0.42000412940979004
snow,cbc_feature_combined,0.6,85.21999716758728,4.030001163482666
snow,logit_bias,0.6,89.49999809265137,-0.2499997615814209
snow,logit_residual,0.6,84.53999757766724,4.71000075340271
snow,logit_combined,0.6,85.21999716758728,4.030001163482666
snow,cbc_logit_bias,0.6,85.21999716758728,4.030001163482666
snow,cbc_logit_residual,0.6,89.67000246047974,-0.42000412940979004
snow,cbc_logit_combined,0.6,85.21999716758728,4.030001163482666
snow,feature_center_shift,0.7,89.50999975204468,-0.26000142097473145
snow,feature_shape_distortion,0.7,82.15000033378601,7.0999979972839355
snow,feature_combined,0.7,82.96999931335449,6.279999017715454
snow,cbc_feature_center_shift,0.7,84.43999886512756,4.809999465942383
snow,cbc_feature_shape_distortion,0.7,88.52999806404114,0.7200002670288086
snow,cbc_feature_combined,0.7,82.96999931335449,6.279999017715454
snow,logit_bias,0.7,89.50999975204468,-0.26000142097473145
snow,logit_residual,0.7,82.15000033378601,7.0999979972839355
snow,logit_combined,0.7,82.96999931335449,6.279999017715454
snow,cbc_logit_bias,0.7,84.43999886512756,4.809999465942383
snow,cbc_logit_residual,0.7,88.52999806404114,0.7200002670288086
snow,cbc_logit_combined,0.7,82.96999931335449,6.279999017715454
snow,feature_center_shift,0.8,89.55000042915344,-0.3000020980834961
snow,feature_shape_distortion,0.8,79.19999957084656,10.049998760223389
snow,feature_combined,0.8,80.29999732971191,8.950001001358032
snow,cbc_feature_center_shift,0.8,83.67999792098999,5.570000410079956
snow,cbc_feature_shape_distortion,0.8,86.44999861717224,2.799999713897705
snow,cbc_feature_combined,0.8,80.29999732971191,8.950001001358032
snow,logit_bias,0.8,89.55000042915344,-0.3000020980834961
snow,logit_residual,0.8,79.19999957084656,10.049998760223389
snow,logit_combined,0.8,80.29999732971191,8.950001001358032
snow,cbc_logit_bias,0.8,83.67999792098999,5.570000410079956
snow,cbc_logit_residual,0.8,86.44999861717224,2.799999713897705
snow,cbc_logit_combined,0.8,80.29999732971191,8.950001001358032
snow,feature_center_shift,0.9,89.50999975204468,-0.26000142097473145
snow,feature_shape_distortion,0.9,75.62000155448914,13.62999677658081
snow,feature_combined,0.9,76.99999809265137,12.250000238418579
snow,cbc_feature_center_shift,0.9,82.78999924659729,6.459999084472656
snow,cbc_feature_shape_distortion,0.9,82.46999979019165,6.779998540878296
snow,cbc_feature_combined,0.9,76.99999809265137,12.250000238418579
snow,logit_bias,0.9,89.50999975204468,-0.26000142097473145
snow,logit_residual,0.9,75.62000155448914,13.62999677658081
snow,logit_combined,0.9,76.99999809265137,12.250000238418579
snow,cbc_logit_bias,0.9,82.78999924659729,6.459999084472656
snow,cbc_logit_residual,0.9,82.46999979019165,6.779998540878296
snow,cbc_logit_combined,0.9,76.99999809265137,12.250000238418579
snow,feature_center_shift,1.0,89.5799994468689,-0.3300011157989502
snow,feature_shape_distortion,1.0,72.00000286102295,17.249995470046997
snow,feature_combined,1.0,73.30999970436096,15.939998626708984
snow,cbc_feature_center_shift,1.0,81.97000026702881,7.279998064041138
snow,cbc_feature_shape_distortion,1.0,77.68999934196472,11.559998989105225
snow,cbc_feature_combined,1.0,73.30999970436096,15.939998626708984
snow,logit_bias,1.0,89.5799994468689,-0.3300011157989502
snow,logit_residual,1.0,72.00000286102295,17.249995470046997
snow,logit_combined,1.0,73.30999970436096,15.939998626708984
snow,cbc_logit_bias,1.0,81.97000026702881,7.279998064041138
snow,cbc_logit_residual,1.0,77.68999934196472,11.559998989105225
snow,cbc_logit_combined,1.0,73.30999970436096,15.939998626708984
zoom_blur,feature_center_shift,0.0,89.24999833106995,0.0
zoom_blur,feature_shape_distortion,0.0,89.24999833106995,0.0
zoom_blur,feature_combined,0.0,89.24999833106995,0.0
zoom_blur,cbc_feature_center_shift,0.0,89.24999833106995,0.0
zoom_blur,cbc_feature_shape_distortion,0.0,89.24999833106995,0.0
zoom_blur,cbc_feature_combined,0.0,89.24999833106995,0.0
zoom_blur,logit_bias,0.0,89.24999833106995,0.0
zoom_blur,logit_residual,0.0,89.24999833106995,0.0
zoom_blur,logit_combined,0.0,89.24999833106995,0.0
zoom_blur,cbc_logit_bias,0.0,89.24999833106995,0.0
zoom_blur,cbc_logit_residual,0.0,89.24999833106995,0.0
zoom_blur,cbc_logit_combined,0.0,89.24999833106995,0.0
zoom_blur,feature_center_shift,0.1,89.24000263214111,0.009995698928833008
zoom_blur,feature_shape_distortion,0.1,89.06999826431274,0.18000006675720215
zoom_blur,feature_combined,0.1,89.09000158309937,0.15999674797058105
zoom_blur,cbc_feature_center_shift,0.1,88.7000024318695,0.5499958992004395
zoom_blur,cbc_feature_shape_distortion,0.1,89.50999975204468,-0.26000142097473145
zoom_blur,cbc_feature_combined,0.1,89.09000158309937,0.15999674797058105
zoom_blur,logit_bias,0.1,89.24000263214111,0.009995698928833008
zoom_blur,logit_residual,0.1,89.06999826431274,0.18000006675720215
zoom_blur,logit_combined,0.1,89.09000158309937,0.15999674797058105
zoom_blur,cbc_logit_bias,0.1,88.7000024318695,0.5499958992004395
zoom_blur,cbc_logit_residual,0.1,89.50999975204468,-0.26000142097473145
zoom_blur,cbc_logit_combined,0.1,89.09000158309937,0.15999674797058105
zoom_blur,feature_center_shift,0.2,89.25999999046326,-0.010001659393310547
zoom_blur,feature_shape_distortion,0.2,88.81000280380249,0.43999552726745605
zoom_blur,feature_combined,0.2,88.81999850273132,0.42999982833862305
zoom_blur,cbc_feature_center_shift,0.2,87.98999786376953,1.260000467300415
zoom_blur,cbc_feature_shape_distortion,0.2,90.02000093460083,-0.7700026035308838
zoom_blur,cbc_feature_combined,0.2,88.81999850273132,0.42999982833862305
zoom_blur,logit_bias,0.2,89.25999999046326,-0.010001659393310547
zoom_blur,logit_residual,0.2,88.81000280380249,0.43999552726745605
zoom_blur,logit_combined,0.2,88.81999850273132,0.42999982833862305
zoom_blur,cbc_logit_bias,0.2,87.98999786376953,1.260000467300415
zoom_blur,cbc_logit_residual,0.2,90.02000093460083,-0.7700026035308838
zoom_blur,cbc_logit_combined,0.2,88.81999850273132,0.42999982833862305
zoom_blur,feature_center_shift,0.3,89.35999870300293,-0.1100003719329834
zoom_blur,feature_shape_distortion,0.3,88.55000138282776,0.6999969482421875
zoom_blur,feature_combined,0.3,88.38000297546387,0.8699953556060791
zoom_blur,cbc_feature_center_shift,0.3,87.15999722480774,2.090001106262207
zoom_blur,cbc_feature_shape_distortion,0.3,90.32999873161316,-1.080000400543213
zoom_blur,cbc_feature_combined,0.3,88.38000297546387,0.8699953556060791
zoom_blur,logit_bias,0.3,89.35999870300293,-0.1100003719329834
zoom_blur,logit_residual,0.3,88.55000138282776,0.6999969482421875
zoom_blur,logit_combined,0.3,88.38000297546387,0.8699953556060791
zoom_blur,cbc_logit_bias,0.3,87.15999722480774,2.090001106262207
zoom_blur,cbc_logit_residual,0.3,90.32999873161316,-1.080000400543213
zoom_blur,cbc_logit_combined,0.3,88.38000297546387,0.8699953556060791
zoom_blur,feature_center_shift,0.4,89.410001039505,-0.1600027084350586
zoom_blur,feature_shape_distortion,0.4,87.77999877929688,1.4699995517730713
zoom_blur,feature_combined,0.4,87.73000240325928,1.519995927810669
zoom_blur,cbc_feature_center_shift,0.4,86.28000020980835,2.9699981212615967
zoom_blur,cbc_feature_shape_distortion,0.4,90.47999978065491,-1.230001449584961
zoom_blur,cbc_feature_combined,0.4,87.73000240325928,1.519995927810669
zoom_blur,logit_bias,0.4,89.410001039505,-0.1600027084350586
zoom_blur,logit_residual,0.4,87.77999877929688,1.4699995517730713
zoom_blur,logit_combined,0.4,87.73000240325928,1.519995927810669
zoom_blur,cbc_logit_bias,0.4,86.28000020980835,2.9699981212615967
zoom_blur,cbc_logit_residual,0.4,90.47999978065491,-1.230001449584961
zoom_blur,cbc_logit_combined,0.4,87.73000240325928,1.519995927810669
zoom_blur,feature_center_shift,0.5,89.42000269889832,-0.17000436782836914
zoom_blur,feature_shape_distortion,0.5,86.64000034332275,2.6099979877471924
zoom_blur,feature_combined,0.5,86.4799976348877,2.770000696182251
zoom_blur,cbc_feature_center_shift,0.5,85.43999791145325,3.810000419616699
zoom_blur,cbc_feature_shape_distortion,0.5,90.31999707221985,-1.0699987411499023
zoom_blur,cbc_feature_combined,0.5,86.4799976348877,2.770000696182251
zoom_blur,logit_bias,0.5,89.42000269889832,-0.17000436782836914
zoom_blur,logit_residual,0.5,86.64000034332275,2.6099979877471924
zoom_blur,logit_combined,0.5,86.4799976348877,2.770000696182251
zoom_blur,cbc_logit_bias,0.5,85.43999791145325,3.810000419616699
zoom_blur,cbc_logit_residual,0.5,90.31999707221985,-1.0699987411499023
zoom_blur,cbc_logit_combined,0.5,86.4799976348877,2.770000696182251
zoom_blur,feature_center_shift,0.6,89.37000036239624,-0.12000203132629395
zoom_blur,feature_shape_distortion,0.6,84.7000002861023,4.549998044967651
zoom_blur,feature_combined,0.6,84.47999954223633,4.769998788833618
zoom_blur,cbc_feature_center_shift,0.6,84.50000286102295,4.749995470046997
zoom_blur,cbc_feature_shape_distortion,0.6,89.50999975204468,-0.26000142097473145
zoom_blur,cbc_feature_combined,0.6,84.47999954223633,4.769998788833618
zoom_blur,logit_bias,0.6,89.37000036239624,-0.12000203132629395
zoom_blur,logit_residual,0.6,84.7000002861023,4.549998044967651
zoom_blur,logit_combined,0.6,84.47999954223633,4.769998788833618
zoom_blur,cbc_logit_bias,0.6,84.50000286102295,4.749995470046997
zoom_blur,cbc_logit_residual,0.6,89.50999975204468,-0.26000142097473145
zoom_blur,cbc_logit_combined,0.6,84.47999954223633,4.769998788833618
zoom_blur,feature_center_shift,0.7,89.31999802589417,-0.06999969482421875
zoom_blur,feature_shape_distortion,0.7,82.30999708175659,6.9400012493133545
zoom_blur,feature_combined,0.7,81.91999793052673,7.330000400543213
zoom_blur,cbc_feature_center_shift,0.7,83.59000086784363,5.659997463226318
zoom_blur,cbc_feature_shape_distortion,0.7,88.01000118255615,1.239997148513794
zoom_blur,cbc_feature_combined,0.7,81.91999793052673,7.330000400543213
zoom_blur,logit_bias,0.7,89.31999802589417,-0.06999969482421875
zoom_blur,logit_residual,0.7,82.30999708175659,6.9400012493133545
zoom_blur,logit_combined,0.7,81.91999793052673,7.330000400543213
zoom_blur,cbc_logit_bias,0.7,83.59000086784363,5.659997463226318
zoom_blur,cbc_logit_residual,0.7,88.01000118255615,1.239997148513794
zoom_blur,cbc_logit_combined,0.7,81.91999793052673,7.330000400543213
zoom_blur,feature_center_shift,0.8,89.30000066757202,-0.050002336502075195
zoom_blur,feature_shape_distortion,0.8,79.04999852180481,10.199999809265137
zoom_blur,feature_combined,0.8,78.76999974250793,10.479998588562012
zoom_blur,cbc_feature_center_shift,0.8,82.59000182151794,6.659996509552002
zoom_blur,cbc_feature_shape_distortion,0.8,85.39999723434448,3.850001096725464
zoom_blur,cbc_feature_combined,0.8,78.76999974250793,10.479998588562012
zoom_blur,logit_bias,0.8,89.30000066757202,-0.050002336502075195
zoom_blur,logit_residual,0.8,79.04999852180481,10.199999809265137
zoom_blur,logit_combined,0.8,78.76999974250793,10.479998588562012
zoom_blur,cbc_logit_bias,0.8,82.59000182151794,6.659996509552002
zoom_blur,cbc_logit_residual,0.8,85.39999723434448,3.850001096725464
zoom_blur,cbc_logit_combined,0.8,78.76999974250793,10.479998588562012
zoom_blur,feature_center_shift,0.9,89.21999931335449,0.0299990177154541
zoom_blur,feature_shape_distortion,0.9,75.60999989509583,13.639998435974121
zoom_blur,feature_combined,0.9,75.69000124931335,13.559997081756592
zoom_blur,cbc_feature_center_shift,0.9,81.44000172615051,7.809996604919434
zoom_blur,cbc_feature_shape_distortion,0.9,81.63999915122986,7.609999179840088
zoom_blur,cbc_feature_combined,0.9,75.69000124931335,13.559997081756592
zoom_blur,logit_bias,0.9,89.21999931335449,0.0299990177154541
zoom_blur,logit_residual,0.9,75.60999989509583,13.639998435974121
zoom_blur,logit_combined,0.9,75.69000124931335,13.559997081756592
zoom_blur,cbc_logit_bias,0.9,81.44000172615051,7.809996604919434
zoom_blur,cbc_logit_residual,0.9,81.63999915122986,7.609999179840088
zoom_blur,cbc_logit_combined,0.9,75.69000124931335,13.559997081756592
zoom_blur,feature_center_shift,1.0,89.16000127792358,0.0899970531463623
zoom_blur,feature_shape_distortion,1.0,72.10000157356262,17.149996757507324
zoom_blur,feature_combined,1.0,72.57000207901001,16.679996252059937
zoom_blur,cbc_feature_center_shift,1.0,80.43000102043152,8.819997310638428
zoom_blur,cbc_feature_shape_distortion,1.0,77.49999761581421,11.750000715255737
zoom_blur,cbc_feature_combined,1.0,72.57000207901001,16.679996252059937
zoom_blur,logit_bias,1.0,89.16000127792358,0.0899970531463623
zoom_blur,logit_residual,1.0,72.10000157356262,17.149996757507324
zoom_blur,logit_combined,1.0,72.57000207901001,16.679996252059937
zoom_blur,cbc_logit_bias,1.0,80.43000102043152,8.819997310638428
zoom_blur,cbc_logit_residual,1.0,77.49999761581421,11.750000715255737
zoom_blur,cbc_logit_combined,1.0,72.57000207901001,16.679996252059937
